,Write and Read,Read Time,Write Time
0,948.8387851715088,345.0338349342346,603.3557274341583
