,Write and Read,Read Time,Write Time
0,1990.5613174438477,1288.844975233078,701.2784943580627
