,Write and Read,Read Time,Write Time
0,590.1151759624481,336.0793266296387,253.59939455986023
