,Write and Read,Read Time,Write Time
0,648.6522169113159,331.08357524871826,317.1019012928009
