,Write and Read,Read Time,Write Time
0,2070.50670003891,1435.3430287837982,634.7369678020477
