,t_init,t_init_top,t_init_traj,t_io,t_io/frame,t_rmsd,t_rmsd/frame,t_close_traj,total_time
0,3.115328311920166,2.4709038734436035,0.6369473934173584,483.3110361099243,0.0053641624429514355,13.618087768554688,0.00015114414837463582,0.0011644363403320312,500.0456166267395
