,t_init,t_init_top,t_init_traj,t_io,t_io/frame,t_rmsd,t_rmsd/frame,t_close_traj,total_time
0,6.192640781402588,5.592556476593018,0.5940914154052734,591.5803534984589,0.00656581968366769,17.22595524787903,0.00019118707267346314,0.0010864734649658203,615.0000360012054
