,rank,t_init,t_init_top,t_init_traj,t_io,t_io/frame,t_rmsd,t_rmsd/frame,t_wait,t_comm,t_close_traj,total_time
0,0.0,3.0814239978790283,2.5243964195251465,0.5516324043273926,1397.5505735874176,0.015511105145254358,12.580893278121948,0.00013963255580601498,1.9788742065429688e-05,0.0002052783966064453,0.011364936828613281,1413.2131159305573
