,Write and Read,Read Time,Write Time
0,1030.540756702423,658.5184442996979,371.57427310943604
