,t_init,t_init_top,t_init_traj,t_io,t_io/frame,t_rmsd,t_rmsd/frame,t_close_traj,total_time
0,2.2925004959106445,2.1312971115112305,0.15558457374572754,493.5201458930969,0.005477471097592641,14.129942655563354,0.00015682511271435464,0.0004949569702148438,509.94308400154114
