,t_init,t_init_top,t_init_traj,t_io,t_io/frame,t_rmsd,t_rmsd/frame,t_close_traj,total_time
0,1235.1950554847717,2.3146915435791016,1232.8746271133423,1429.5409116744995,0.01586615884211431,11.59651780128479,0.0001287071898033828,0.002566099166870117,2676.335051059723
