,Write and Read,Read Time,Write Time
0,1276.5427298545837,675.5526628494263,600.5394201278687
