,Write and Read,Read Time,Write Time
0,1165.5276970863342,662.7672822475433,502.307897567749
