,Write and Read,Read Time,Write Time
0,1999.1729907989502,1236.5907402038574,762.155814409256
