,Write and Read,Read Time,Write Time
0,2047.383889913559,1281.354159116745,765.5965025424957
