,rank,t_init,t_init_top,t_init_traj,t_write,t_write/frame,t_wait,t_close_traj,total_time
0,0.0,5.5345704555511475,4.786775588989258,0.7412216663360596,1475.94939494133,0.0163812363478505,1.8358230590820312e-05,0.001466989517211914,1481.4839837551117
