,rank,t_init,t_init_top,t_init_traj,t_write,t_write/frame,t_wait,t_close_traj,total_time
0,0.0,5.1919732093811035,5.004392385482788,0.18070554733276367,821.2328836917877,0.036458729575662055,36.491859912872314,0.0009331703186035156,862.9167168140411
1,1.0,5.191917896270752,4.973474502563477,0.2116703987121582,838.5269620418549,0.03722650219941642,19.19789981842041,0.0009875297546386719,862.916779756546
2,2.0,5.192202568054199,5.004857540130615,0.1804206371307373,857.7240235805511,0.03807875798359828,7.677078247070312e-05,0.0014336109161376953,862.9163029193878
3,3.0,5.1920506954193115,4.974580764770508,0.21070194244384766,835.0095331668854,0.0370703455346009,22.71524214744568,0.000986337661743164,862.9168260097504
