,rank,t_init,t_init_top,t_init_traj,t_io,t_io/frame,t_rmsd,t_rmsd/frame,t_wait,t_comm,t_close_traj,total_time
0,0.0,5.766926288604736,4.159184694290161,1.6004388332366943,269.5525736808777,0.01196681792145961,5.045314311981201,0.00022398731684711214,8.148486137390137,0.0003669261932373047,0.0005419254302978516,288.513667345047
1,1.0,5.854134559631348,4.069610357284546,1.7771751880645752,260.70287013053894,0.011573934301022817,5.203926086425781,0.00023102890505774835,16.747283697128296,0.000278472900390625,0.0006449222564697266,288.50849294662476
2,2.0,5.7666850090026855,4.135016202926636,1.6241874694824219,266.25159215927124,0.01182027046212081,5.182420969009399,0.0002300741828639023,11.311067581176758,0.0003502368927001953,0.0005927085876464844,288.5121159553528
3,3.0,5.766902923583984,4.074719190597534,1.6847481727600098,277.5141923427582,0.012320274909778387,5.225179195404053,0.0002319724393076161,7.510185241699219e-05,0.00039386749267578125,0.0009529590606689453,288.5067434310913
