,rank,t_init,t_init_top,t_init_traj,t_write,t_write/frame,t_wait,t_close_traj,total_time
0,0.0,5.71374249458313,4.70719313621521,0.9992477893829346,2012.6521790027618,0.022337982008909678,1.3113021850585938e-05,0.01409602165222168,2018.3659346103668
