,rank,t_init,t_init_top,t_init_traj,t_write,t_write/frame,t_wait,t_close_traj,total_time
0,0.0,4.761588096618652,4.4634106159210205,0.29131531715393066,791.2665615081787,0.03512837121013002,61.51552629470825,0.0011055469512939453,857.5436758995056
1,1.0,4.758736610412598,4.370568513870239,0.38132762908935547,842.6485631465912,0.03740948116078096,10.136081218719482,0.0011556148529052734,857.5433809757233
2,2.0,4.759142160415649,4.588605165481567,0.16358017921447754,852.7842178344727,0.03785945473183008,9.012222290039062e-05,0.047582149505615234,857.5434501171112
3,3.0,4.758678674697876,4.409276247024536,0.3434712886810303,815.8555345535278,0.036220001534007895,36.92951536178589,0.0011227130889892578,857.5437285900116
