,t_init,t_init_top,t_init_traj,t_io,t_io/frame,t_rmsd,t_rmsd/frame,t_close_traj,total_time
0,3.147240400314331,2.5003223419189453,0.6409614086151123,4615.693332433701,0.05122856084832076,13.89158320426941,0.00015417961380987137,0.000732421875,4632.732888460159
