,Write and Read,Read Time,Write Time
0,959.5183901786804,706.5451052188873,252.5469629764557
