,Write and Read,Read Time,Write Time
0,1063.9085576534271,694.1342208385468,369.32518315315247
