,Write and Read,Read Time,Write Time
0,1130.8016424179077,616.6283264160156,513.6821339130402
