,t_init,t_init_top,t_init_traj,t_io,t_io/frame,t_rmsd,t_rmsd/frame,t_close_traj,total_time
0,2.450446367263794,2.316988229751587,0.13031363487243652,503.64285922050476,0.005589820857053327,14.074819564819336,0.00015621331370498708,0.0005352497100830078,520.168660402298
