,t_init,t_init_top,t_init_traj,t_io,t_io/frame,t_rmsd,t_rmsd/frame,t_close_traj,total_time
0,2.295827627182007,2.1313774585723877,0.15882253646850586,726.4497451782227,0.008062705273898142,17.29717445373535,0.00019197751890938236,0.0009756088256835938,746.0437228679657
