,t_init,t_init_top,t_init_traj,t_io,t_io/frame,t_rmsd,t_rmsd/frame,t_close_traj,total_time
0,2.445493221282959,2.287703037261963,0.15326714515686035,905.1141500473022,0.010045662042700357,17.225308418273926,0.0001911798936545386,0.0012745857238769531,924.786226272583
