,Write and Read,Read Time,Write Time
0,899.114426612854,364.9715988636017,533.7026288509369
