,rank,t_init,t_init_top,t_init_traj,t_write,t_write/frame,t_wait,t_close_traj,total_time
0,0.0,5.953153848648071,4.426983118057251,1.5188190937042236,1606.399079322815,0.017829068582939124,1.8835067749023438e-05,0.011138677597045898,1612.3522520065308
