,rank,t_init,t_init_top,t_init_traj,t_write,t_write/frame,t_wait,t_close_traj,total_time
0,0.0,6.223359107971191,4.736168384552002,1.4796924591064453,1275.1952424049377,0.056612441394225874,0.00010895729064941406,0.015317916870117188,1281.4187104701996
1,1.0,6.222462892532349,4.655951976776123,1.560279369354248,1253.0648679733276,0.05562996084232309,22.13167953491211,0.0006692409515380859,1281.419010400772
2,2.0,6.312915563583374,4.736780881881714,1.5684447288513184,1250.546228170395,0.05551814553475671,24.560117721557617,0.0006341934204101562,1281.419261455536
3,3.0,6.222507953643799,4.70166802406311,1.5145244598388672,1252.40234708786,0.055600548150404445,22.794082641601562,0.0006711483001708984,1281.4189376831055
