,rank,t_init,t_init_top,t_init_traj,t_io,t_io/frame,t_rmsd,t_rmsd/frame,t_wait,t_comm,t_close_traj,total_time
0,0.0,4.957015037536621,4.773229598999023,0.17788314819335938,704.3799228668213,0.007817757190530758,18.86314606666565,0.0002093578919718718,2.1696090698242188e-05,0.0005812644958496094,0.014333248138427734,728.2006869316101
