,rank,t_init,t_init_top,t_init_traj,t_io,t_io/frame,t_rmsd,t_rmsd/frame,t_wait,t_comm,t_close_traj,total_time
0,0.0,2.3959133625030518,2.265839099884033,0.12431478500366211,178.6169285774231,0.007929719359708017,4.942652702331543,0.000219429642722821,15.624216556549072,0.0005311965942382812,0.00067901611328125,201.580242395401
1,1.0,2.393622398376465,2.1070730686187744,0.2820749282836914,172.1425940990448,0.007642290526039725,5.13584566116333,0.00022800646664432097,21.899402618408203,0.000278472900390625,0.0013873577117919922,201.5717432498932
2,2.0,2.395216226577759,2.2400901317596436,0.14970040321350098,193.9810872077942,0.008611812972599076,5.198654413223267,0.00023079486851157677,7.224082946777344e-05,0.0004329681396484375,0.0007967948913574219,201.57546305656433
3,3.0,2.3961713314056396,2.0907888412475586,0.29958176612854004,169.88566708564758,0.007542093988264043,5.075552940368652,0.00022532976427829755,24.207484245300293,0.0004718303680419922,0.0006990432739257812,201.5653474330902
