,rank,t_init,t_init_top,t_init_traj,t_io,t_io/frame,t_rmsd,t_rmsd/frame,t_wait,t_comm,t_close_traj,total_time
0,0.0,2.556518077850342,2.119595766067505,0.4301130771636963,273.55680084228516,0.02428809383310709,2.9595108032226562,0.00026276398856633725,0.00011992454528808594,0.0009138584136962891,0.004364967346191406,279.07386350631714
1,1.0,2.556472063064575,2.2047648429870605,0.3450357913970947,202.88359951972961,0.018013282386551505,2.9040002822875977,0.0002578354152790196,70.73126721382141,0.0003647804260253906,0.0012869834899902344,279.0757038593292
2,2.0,2.5567924976348877,2.189481496810913,0.36064672470092773,168.46100687980652,0.014957028045796548,2.8245925903320312,0.0002507851008019206,105.23089861869812,0.0004069805145263672,0.0012133121490478516,279.0736975669861
3,3.0,2.5560052394866943,2.205148220062256,0.34458231925964355,172.82666277885437,0.015344638442586732,2.8119537830352783,0.00024966294797436545,100.87995171546936,0.0005321502685546875,0.0011072158813476562,279.07510566711426
4,4.0,2.555802822113037,2.1899209022521973,0.35907959938049316,183.9336817264557,0.016332239542395283,2.869877815246582,0.00025482843324867535,89.71198153495789,0.0006022453308105469,0.0010440349578857422,279.071946144104
5,5.0,2.557116985321045,2.2291550636291504,0.32122254371643066,272.2588596343994,0.024175000855478548,2.958622694015503,0.00026270846155349877,1.2992901802062988,0.0007610321044921875,0.0009372234344482422,279.07465052604675
6,6.0,2.5560789108276367,2.188704252243042,0.36110758781433105,231.66013932228088,0.02057007097516257,3.005178928375244,0.00026684238397933264,41.847827434539795,0.0007414817810058594,0.0008788108825683594,279.06996607780457
7,7.0,2.556039571762085,2.2070512771606445,0.3422701358795166,243.19642305374146,0.02159442577284154,2.870051860809326,0.00025484388748084943,30.45408821105957,0.0008568763732910156,0.00078582763671875,279.0774595737457
