,Write and Read,Read Time,Write Time
0,2109.957239627838,1465.5048141479492,644.0302512645721
