,rank,t_init,t_init_top,t_init_traj,t_write,t_write/frame,t_wait,t_close_traj,total_time
0,0.0,6.3327553272247314,4.1528637409210205,2.171598434448242,2169.360606431961,0.02407725423342909,1.52587890625e-05,0.0007348060607910156,2175.693377017975
