,rank,t_init,t_init_top,t_init_traj,t_write,t_write/frame,t_wait,t_close_traj,total_time
0,0.0,8.110910654067993,7.161820650100708,0.9433472156524658,757.2506785392761,0.03361823212161048,11.884186267852783,0.0005867481231689453,777.2457754611969
1,1.0,8.1126070022583,7.244680643081665,0.8615379333496094,769.1330814361572,0.034145752782959254,5.841255187988281e-05,0.0006384849548339844,777.2457468509674
2,2.0,8.111826181411743,7.250016450881958,0.8554606437683105,737.2562444210052,0.032730576888834864,31.877731800079346,0.0005755424499511719,777.2458024024963
3,3.0,8.11204719543457,7.2109150886535645,0.8947319984436035,768.2590045928955,0.0341069480396402,0.8750629425048828,0.01378011703491211,777.246114730835
