,Write and Read,Read Time,Write Time
0,557.4639678001404,304.0529103279114,252.96542930603027
