,Write and Read,Read Time,Write Time
0,1288.6532151699066,675.3232452869415,612.8896844387054
