,Write and Read,Read Time,Write Time
0,2174.5898637771606,1384.6429307460785,789.5025858879089
