,rank,t_init,t_init_top,t_init_traj,t_write,t_write/frame,t_wait,t_close_traj,total_time
0,0.0,6.845282554626465,3.9305028915405273,2.9068899154663086,2394.8686344623566,0.026580118029548908,3.218650817871094e-05,0.001310586929321289,2401.713949203491
