,rank,t_init,t_init_top,t_init_traj,t_write,t_write/frame,t_wait,t_close_traj,total_time
0,0.0,5.769180536270142,3.906740427017212,1.8539526462554932,1239.947250366211,0.05504760267996497,26.42478656768799,0.014987707138061523,1272.141217470169
1,1.0,5.76844596862793,3.872910976409912,1.8872878551483154,1237.0520226955414,0.054919068710123926,29.320215225219727,0.0004315376281738281,1272.140683889389
2,2.0,5.769067049026489,3.966428279876709,1.7947819232940674,1256.503247976303,0.0557826081232543,9.868628025054932,0.00045228004455566406,1272.1409430503845
3,3.0,5.768081426620483,3.8759849071502686,1.8840785026550293,1266.3724653720856,0.05622075317967084,3.695487976074219e-05,0.0004296302795410156,1272.1405837535858
