,rank,t_init,t_init_top,t_init_traj,t_to_mem,t_io,t_io/frame,t_rmsd,t_rmsd/frame,t_wait,t_comm,t_close_traj,total_time
0,0.0,2.973071575164795,2.624446392059326,0.3444511890411377,805.2713158130646,1.2400283813476562,1.3762801124835252e-05,14.794983386993408,0.00016420625290780697,0.014720439910888672,0.006596803665161133,0.00026488304138183594,824.3007164001465
