,Write and Read,Read Time,Write Time
0,1172.1722638607025,673.7268483638763,498.03061175346375
