,rank,t_init,t_init_top,t_init_traj,t_io,t_io/frame,t_rmsd,t_rmsd/frame,t_wait,t_comm,t_close_traj,total_time
0,0.0,2.3602733612060547,2.158083915710449,0.1959536075592041,427.522189617157,0.00474497435757111,14.259657144546509,0.00015826478517809667,1.9788742065429688e-05,0.0002117156982421875,0.013732433319091797,444.14235162734985
