,Write and Read,Read Time,Write Time
0,740.0462005138397,346.1127178668976,393.4462537765503
