,rank,t_init,t_init_top,t_init_traj,t_write,t_write/frame,total_write,t_wait,t_close_traj,total_time
0,0.0,7.1814820766448975,3.5002760887145996,3.6728553771972656,640.407212972641,0.007107738212792908,1774.920551776886,1.7404556274414062e-05,0.011162281036376953,1782.1020512580872
