,rank,t_init,t_init_top,t_init_traj,t_write,t_write/frame,total_write,t_wait,t_close_traj,total_time
0,0.0,6.78879189491272,4.641928195953369,2.1406443119049072,343.66671204566956,0.015257123731217294,689.9504127502441,87.69160437583923,0.0006814002990722656,784.4308090209961
1,1.0,6.788340330123901,4.628404855728149,2.1535587310791016,369.85503244400024,0.016419757267214216,777.6416931152344,7.653236389160156e-05,0.0007405281066894531,784.4301099777222
2,2.0,6.789992094039917,4.635965347290039,2.145890235900879,366.7087700366974,0.016280078580985454,712.2809138298035,65.3592963218689,0.011317014694213867,784.4302022457123
3,3.0,6.78854775428772,4.6195924282073975,2.1627278327941895,338.23391580581665,0.015015934109026267,645.4497606754303,132.19188857078552,0.0006854534149169922,784.4301970005035
