,rank,t_init,t_init_top,t_init_traj,t_io,t_io/frame,t_rmsd,t_rmsd/frame,t_wait,t_comm,t_close_traj,total_time
0,0.0,3.3829281330108643,2.9667093753814697,0.40945005416870117,2024.5627238750458,0.022470174515816267,13.39143705368042,0.0001486286021496162,1.4781951904296875e-05,0.0002110004425048828,0.0008375644683837891,2041.3373148441315
