,rank,t_init,t_init_top,t_init_traj,t_io,t_io/frame,t_rmsd,t_rmsd/frame,t_wait,t_comm,t_close_traj,total_time
0,0.0,3.693728446960449,3.3395795822143555,0.3508446216583252,4354.764363527298,0.04833256785268921,18.823285818099976,0.0002089154918768033,1.9788742065429688e-05,0.0005278587341308594,0.010976791381835938,4377.281925439835
