,t_init,t_init_top,t_init_traj,t_io,t_io/frame,t_rmsd,t_rmsd/frame,t_close_traj,total_time
0,2.926095485687256,2.362407684326172,0.5580649375915527,380.0036554336548,0.004217576641882961,13.90854549407959,0.00015436787451808645,0.0002560615539550781,396.8385524749756
