,Write and Read,Read Time,Write Time
0,1286.8214662075043,685.0008089542389,601.3854684829712
