,rank,t_init,t_init_top,t_init_traj,t_io,t_io/frame,t_rmsd,t_rmsd/frame,t_wait,t_comm,t_close_traj,total_time
0,0.0,3.9059953689575195,3.785984516143799,0.11567115783691406,389.10012555122375,0.0043185363546195754,14.957292795181274,0.00016600768918070228,2.4318695068359375e-05,0.0006897449493408203,0.01117706298828125,407.96412777900696
