,rank,t_init,t_init_top,t_init_traj,t_io,t_io/frame,t_rmsd,t_rmsd/frame,t_wait,t_comm,t_close_traj,total_time
0,0.0,2.3620262145996094,2.1994636058807373,0.15810132026672363,119.36999797821045,0.005299444971285702,4.667958498001099,0.00020723456150948272,29.682491302490234,0.0005626678466796875,0.00086212158203125,156.08303666114807
1,1.0,2.361471176147461,2.214716911315918,0.14229393005371094,103.47598099708557,0.004593828235164731,4.373943567276001,0.00019418173439627085,45.88552975654602,0.0003719329833984375,0.0008022785186767578,156.09729743003845
2,2.0,2.362102508544922,2.1603193283081055,0.19713163375854492,122.55394959449768,0.0054407968743395195,4.713948965072632,0.00020927631365472285,26.457903623580933,0.0005319118499755859,0.0007047653198242188,156.08843660354614
3,3.0,2.3635127544403076,2.2273828983306885,0.13058972358703613,148.79422450065613,0.0066057369367660875,4.927856683731079,0.0002187727717527671,6.413459777832031e-05,0.0006151199340820312,0.000614166259765625,156.08627319335938
