,rank,t_init,t_init_top,t_init_traj,t_io,t_io/frame,t_rmsd,t_rmsd/frame,t_wait,t_comm,t_close_traj,total_time
0,0.0,4.370172500610352,4.051876544952393,0.31197547912597656,90.37976861000061,0.008024484472165552,2.6243855953216553,0.00023300946420329,13.085982322692871,0.0005590915679931641,0.0006036758422851562,110.46086812019348
1,1.0,4.370403051376343,3.9879186153411865,0.37608766555786133,85.78336834907532,0.007616387139223592,2.686436653137207,0.00023851874750396938,17.62157702445984,0.00019049644470214844,0.0009152889251708984,110.46197557449341
2,2.0,4.370231628417969,4.020000696182251,0.3438689708709717,83.9968318939209,0.007457767192925588,2.618964195251465,0.00023252811819688047,19.472962856292725,0.00033545494079589844,0.0008513927459716797,110.45932602882385
3,3.0,4.369943380355835,4.06375789642334,0.2998323440551758,75.3684549331665,0.006691685601808267,2.4347150325775146,0.00021616931835013005,28.290194034576416,0.0003230571746826172,0.0008072853088378906,110.46363043785095
4,4.0,4.369899749755859,3.942176103591919,0.4213542938232422,75.24790835380554,0.006681575950435584,2.4654812812805176,0.00021892037660100494,28.37406873703003,0.00036835670471191406,0.0012395381927490234,110.45772647857666
5,5.0,4.371320486068726,4.026474237442017,0.33856916427612305,77.79704403877258,0.006907924350805592,2.548325777053833,0.00022627648526494699,25.745615005493164,0.0003993511199951172,0.0007112026214599609,110.4627046585083
6,6.0,4.371011018753052,4.078314781188965,0.2862842082977295,90.36183834075928,0.008023604896178234,2.6688547134399414,0.00023697875274728656,13.053247213363647,0.0005295276641845703,0.0006592273712158203,110.4554808139801
7,7.0,4.370802640914917,4.01140284538269,0.35304760932922363,103.41866040229797,0.009182974640587637,2.6617629528045654,0.00023634904571164672,6.866455078125e-05,0.0005810260772705078,0.0006074905395507812,110.45187568664551
