,rank,t_init,t_init_top,t_init_traj,t_io,t_io/frame,t_rmsd,t_rmsd/frame,t_wait,t_comm,t_close_traj,total_time
0,0.0,2.2563772201538086,2.107271432876587,0.1424098014831543,286.4839813709259,0.003179622434749455,14.121102571487427,0.00015672699857366732,2.3365020751953125e-05,0.0005831718444824219,0.0010311603546142578,302.8620676994324
