,rank,t_init,t_init_top,t_init_traj,t_io,t_io/frame,t_rmsd,t_rmsd/frame,t_wait,t_comm,t_close_traj,total_time
0,0.0,3.108212947845459,2.571014165878296,0.5309879779815674,100.28999662399292,0.004452386087635646,4.299928188323975,0.00019089581302215202,2.7964792251586914,0.000545501708984375,0.0006480216979980469,110.49516248703003
1,1.0,3.1051313877105713,2.675328254699707,0.4232208728790283,101.40018916130066,0.004501673214708132,4.297642230987549,0.0001907943276798024,1.6893351078033447,0.0003428459167480469,0.0006792545318603516,110.49264073371887
2,2.0,3.1060259342193604,2.542539358139038,0.5567910671234131,100.3415699005127,0.004454675689256946,4.242998361587524,0.0001883684067297458,2.8059897422790527,0.000446319580078125,0.0006074905395507812,110.49703025817871
3,3.0,3.105426549911499,2.672483205795288,0.4262816905975342,103.18749642372131,0.004581020928911046,4.2004289627075195,0.00018647853330555026,5.125999450683594e-05,0.0005385875701904297,0.0004851818084716797,110.49394178390503
