,rank,t_init,t_init_top,t_init_traj,t_io,t_io/frame,t_rmsd,t_rmsd/frame,t_wait,t_comm,t_close_traj,total_time
0,0.0,2.5579445362091064,2.1395974159240723,0.4113185405731201,82.18581342697144,0.007296973579594374,2.352407455444336,0.00020886153382263482,2.3908867835998535,0.0005435943603515625,0.0006105899810791016,89.48759579658508
1,1.0,2.5587832927703857,2.0764894485473633,0.47589564323425293,71.90675854682922,0.006384334417724339,2.504880428314209,0.00022239904362196652,12.511115789413452,0.00016736984252929688,0.0009286403656005859,89.4817054271698
2,2.0,2.5559580326080322,2.3815348148345947,0.16781353950500488,59.62238907814026,0.005293650810453721,2.305992603302002,0.00020474053123519507,25.00634241104126,0.0002827644348144531,0.001031637191772461,89.49096488952637
3,3.0,2.5572152137756348,2.1987550258636475,0.35229945182800293,56.987751960754395,0.005059731151625179,2.22540545463562,0.0001975854971708799,27.720526695251465,0.0002791881561279297,0.0008304119110107422,89.49117851257324
4,4.0,2.556790590286255,2.225640058517456,0.3245112895965576,59.0308632850647,0.005241596810962946,2.3248987197875977,0.000206437464019499,25.578193426132202,0.0003235340118408203,0.0007841587066650391,89.49106955528259
5,5.0,2.5574288368225098,2.150235176086426,0.40095949172973633,67.61090755462646,0.006003454764218297,2.453523635864258,0.00021785860734010459,16.861929178237915,0.0003726482391357422,0.0007259845733642578,89.48416185379028
6,6.0,2.5567588806152344,2.2872369289398193,0.26329612731933594,72.19770407676697,0.006410735577763006,2.485700845718384,0.0002207157561461893,12.242276430130005,0.0004911422729492188,0.0006639957427978516,89.48293137550354
7,7.0,2.556821823120117,2.157055616378784,0.3935515880584717,84.53592848777771,0.007506298036563462,2.395151138305664,0.00021267546957073912,5.698204040527344e-05,0.0005393028259277344,0.0006055831909179688,89.48849773406982
