,t_init,t_init_top,t_init_traj,t_io,t_io/frame,t_rmsd,t_rmsd/frame,t_close_traj,total_time
0,1972.061733007431,2.4064571857452393,1969.6498637199402,1438.5762176513672,0.015966439707562344,11.635066509246826,0.0001291350333989659,0.011227130889892578,3422.284244298935
