,rank,t_init,t_init_top,t_init_traj,t_io,t_io/frame,t_rmsd,t_rmsd/frame,t_wait,t_comm,t_close_traj,total_time
0,0.0,80.42154383659363,32.67591881752014,47.737977743148804,705.123615026474,0.00782601126555465,16.205275297164917,0.00017985877133368388,2.1696090698242188e-05,0.0005822181701660156,0.0007312297821044922,801.7510380744934
