,rank,t_init,t_init_top,t_init_traj,t_io,t_io/frame,t_rmsd,t_rmsd/frame,t_wait,t_comm,t_close_traj,total_time
0,0.0,3.1630051136016846,2.712531328201294,0.44461655616760254,311.74908089637756,0.013840136776753722,5.269920349121094,0.00023395872804089207,20.63879370689392,0.0005497932434082031,0.0006401538848876953,340.82134985923767
1,1.0,3.1627190113067627,2.488673210144043,0.6682302951812744,277.7804801464081,0.012332096787853854,5.12960147857666,0.00022772925543070635,54.75710487365723,0.0002980232238769531,0.0008463859558105469,340.8302035331726
2,2.0,3.163217067718506,2.506870746612549,0.650510311126709,211.58272647857666,0.009393239799270883,5.093311548233032,0.00022611815974397478,120.99606204032898,0.0003871917724609375,0.0007572174072265625,340.83570432662964
3,3.0,3.162994384765625,2.587476968765259,0.5696702003479004,332.3250529766083,0.014753609455121344,5.338681221008301,0.0002370113749615228,8.535385131835938e-05,0.000553131103515625,0.002167940139770508,340.82736706733704
