,rank,t_init,t_init_top,t_init_traj,t_io,t_io/frame,t_rmsd,t_rmsd/frame,t_wait,t_comm,t_close_traj,total_time
0,0.0,3.1489648818969727,2.9488184452056885,0.19344091415405273,102.4472587108612,0.009095912164686247,2.6837737560272217,0.00023828231874520304,20.109566926956177,0.0005609989166259766,0.0007343292236328125,128.3901252746582
1,1.0,3.1516940593719482,2.638826847076416,0.505023717880249,102.95770502090454,0.009141232799512079,2.7608397006988525,0.00024512471816557334,19.5200355052948,0.00020194053649902344,0.0010492801666259766,128.39047622680664
2,2.0,3.1522974967956543,2.6671996116638184,0.47712111473083496,122.53926753997803,0.010879807115331442,2.698871374130249,0.00023962278026549313,9.846687316894531e-05,0.0003056526184082031,0.00102996826171875,128.3908405303955
3,3.0,3.150529623031616,2.654890537261963,0.48784494400024414,90.06556415557861,0.007996587423917128,2.566411256790161,0.00022786213768890713,32.6134889125824,0.00032138824462890625,0.0009446144104003906,128.39631533622742
4,4.0,3.149445056915283,2.6619110107421875,0.4795234203338623,79.54057288169861,0.007062739556179951,2.5285086631774902,0.00022451684098539248,43.17590951919556,0.0003261566162109375,0.0009031295776367188,128.39476227760315
5,5.0,3.1490957736968994,2.650739908218384,0.4906489849090576,79.05244898796082,0.007019396997687872,2.50715708732605,0.00022262094542053364,43.68438744544983,0.0003974437713623047,0.0008435249328613281,128.39348673820496
6,6.0,3.1504228115081787,2.739323377609253,0.4031257629394531,77.97687768936157,0.006923892531465243,2.505769968032837,0.00022249777730712456,44.76475262641907,0.00043702125549316406,0.19570708274841309,128.39826011657715
7,7.0,3.149678945541382,2.7782065868377686,0.36376309394836426,80.58426666259766,0.007155413484514088,2.488473653793335,0.00022096196535192105,42.17302584648132,0.0005102157592773438,0.0007445812225341797,128.39595532417297
