,Write and Read,Read Time,Write Time
0,806.8683888912201,403.0635573863983,403.2918918132782
