,rank,t_init,t_init_top,t_init_traj,t_io,t_io/frame,t_rmsd,t_rmsd/frame,t_wait,t_comm,t_close_traj,total_time
0,0.0,5.590871810913086,4.224566698074341,1.3617863655090332,4996.250044107437,0.05545227573926123,21.56441831588745,0.00023933871604758547,1.621246337890625e-05,0.0002372264862060547,0.0024900436401367188,5023.405587673187
