,t_init,t_init_top,t_init_traj,t_io,t_io/frame,t_rmsd,t_rmsd/frame,t_close_traj,total_time
0,1251.490847826004,2.087716817855835,1249.3985738754272,1418.8959052562714,0.015748012266995244,11.486622333526611,0.0001274874842788747,0.0004012584686279297,2681.8737766742706
