,rank,t_init,t_init_top,t_init_traj,t_to_mem,t_io,t_io/frame,t_rmsd,t_rmsd/frame,t_wait,t_comm,t_close_traj,total_time
0,0.0,3.5855677127838135,2.5589475631713867,1.0208303928375244,454.8126187324524,1.1642162799835205,1.2921379356087908e-05,10.656532764434814,0.00011827450348984256,1.7404556274414062e-05,0.00022912025451660156,6.67572021484375e-06,470.21918201446533
