,Write and Read,Read Time,Write Time
0,958.7630095481873,653.5580832958221,304.77275800704956
