,Write and Read,Read Time,Write Time
0,602.6660482883453,383.7752227783203,218.4435510635376
