,t_init,t_init_top,t_init_traj,t_io,t_io/frame,t_rmsd,t_rmsd/frame,t_close_traj,total_time
0,16.73149275779724,16.298152208328247,0.42899441719055176,4467.5292801856995,0.04958412075677802,13.94034194946289,0.00015472077635363918,0.0006825923919677734,4498.201797485352
