,t_init,t_init_top,t_init_traj,t_io,t_io/frame,t_rmsd,t_rmsd/frame,t_close_traj,total_time
0,7.725301504135132,7.621067762374878,0.09940505027770996,676.6328883171082,0.007509798982431833,20.137439727783203,0.00022350099586884798,0.0005097389221191406,704.4961392879486
