,t_init,t_init_top,t_init_traj,t_io,t_io/frame,t_rmsd,t_rmsd/frame,t_close_traj,total_time
0,2.766155242919922,2.555896759033203,0.20464372634887695,449.21562814712524,0.0049857450404786376,13.471643447875977,0.0001495187952039509,0.0008385181427001953,465.45426535606384
