,Write and Read,Read Time,Write Time
0,2017.8237118721008,1404.080013513565,613.2842123508453
