,t_init,t_init_top,t_init_traj,t_io,t_io/frame,t_rmsd,t_rmsd/frame,t_close_traj,total_time
0,1326.8239002227783,2.346295118331909,1324.4730734825134,762.7630813121796,0.008465738971278353,12.036906003952026,0.0001335949611981357,0.0004680156707763672,2101.6243555545807
