,rank,t_init,t_init_top,t_init_traj,t_write,t_write/frame,t_wait,t_close_traj,total_time
0,0.0,4.885926961898804,4.618909120559692,0.26078128814697266,1196.0451920032501,0.013274641420679802,1.71661376953125e-05,0.011770963668823242,1200.9311361312866
