,rank,t_init,t_init_top,t_init_traj,t_write,t_write/frame,t_wait,t_close_traj,total_time
0,0.0,6.0832905769348145,5.354616403579712,0.7224607467651367,804.4505200386047,0.03571367458550964,42.715150594711304,0.002814054489135742,853.2489612102509
1,1.0,6.083277702331543,5.344608306884766,0.732398271560669,847.1664991378784,0.03761005545562168,0.00010228157043457031,0.003381967544555664,853.2498791217804
2,2.0,6.082615613937378,5.348474979400635,0.7278156280517578,826.6053941249847,0.036697242802441056,20.56094455718994,0.0028138160705566406,853.2489542961121
3,3.0,6.08309006690979,5.48829197883606,0.5885012149810791,804.0609645843506,0.03569638022572034,43.10539984703064,0.002772092819213867,853.249454498291
