,Write and Read,Read Time,Write Time
0,835.1044416427612,330.36914587020874,504.28980231285095
