,rank,t_init,t_init_top,t_init_traj,t_to_mem,t_io,t_io/frame,t_rmsd,t_rmsd/frame,t_wait,t_comm,t_close_traj,total_time
0,0.0,2.702237367630005,2.3052220344543457,0.3925750255584717,1020.4810030460358,1.3241050243377686,1.46959492157355e-05,21.77202582359314,0.00024164290592223241,0.016595125198364258,0.005808115005493164,0.0003516674041748047,1046.3017745018005
