,rank,t_init,t_init_top,t_init_traj,t_to_mem,t_io,t_io/frame,t_rmsd,t_rmsd/frame,t_wait,t_comm,t_close_traj,total_time
0,0.0,5.49298095703125,4.705572605133057,0.7815618515014648,340.37366127967834,1.1828596591949463,1.3128298104272435e-05,10.497316360473633,0.00011650739578772067,1.5497207641601562e-05,0.0002155303955078125,6.4373016357421875e-06,357.5470492839813
