,rank,t_init,t_init_top,t_init_traj,t_write,t_write/frame,total_write,t_wait,t_close_traj,total_time
0,0.0,4.1090087890625,2.4625751972198486,1.6398301124572754,551.410425901413,0.006119982529427447,1511.127183675766,1.8358230590820312e-05,0.14975500106811523,1515.236210823059
