,rank,t_init,t_init_top,t_init_traj,t_write,t_write/frame,total_write,t_wait,t_close_traj,total_time
0,0.0,3.82295298576355,2.307014226913452,1.5101077556610107,260.6667652130127,0.011572331419001674,417.29674649238586,7.62939453125e-05,0.005120515823364258,421.1197757720947
1,1.0,3.823420524597168,2.317089319229126,1.500105381011963,258.5146658420563,0.01147678871662847,415.3653259277344,1.9311857223510742,0.0010306835174560547,421.1199321746826
2,2.0,3.825500249862671,2.2187154293060303,1.6002914905548096,261.4176743030548,0.011605668115562922,411.95351910591125,5.341351270675659,0.0010306835174560547,421.1203706264496
3,3.0,3.823251247406006,2.2902050018310547,1.5270135402679443,260.9433627128601,0.011584610997241292,416.10508465766907,1.1915924549102783,0.0010306835174560547,421.11992835998535
