,rank,t_init,t_init_top,t_init_traj,t_io,t_io/frame,t_rmsd,t_rmsd/frame,t_wait,t_comm,t_close_traj,total_time
0,0.0,3.3434360027313232,3.101053237915039,0.23738527297973633,1817.1113243103027,0.020167717250946755,13.738041400909424,0.0001524754872464975,2.002716064453125e-05,0.0002372264862060547,0.014751195907592773,1834.1930589675903
