,rank,t_init,t_init_top,t_init_traj,t_io,t_io/frame,t_rmsd,t_rmsd/frame,t_wait,t_comm,t_close_traj,total_time
0,0.0,3.5537986755371094,3.354856014251709,0.19277286529541016,138.87324213981628,0.006165293768693287,4.228875398635864,0.00018774141614365657,11.899430274963379,0.0005822181701660156,0.0006880760192871094,158.5559287071228
1,1.0,3.553128957748413,3.303826332092285,0.24264049530029297,141.12016224861145,0.006265046048772984,4.303298473358154,0.00019104543721900797,9.572853803634644,0.00036406517028808594,0.0011017322540283203,158.54980754852295
2,2.0,3.553452730178833,3.2965664863586426,0.2505927085876465,150.5425317287445,0.006683353239899867,4.457721948623657,0.00019790108539949645,6.365776062011719e-05,0.0004718303680419922,0.0008013248443603516,158.55424189567566
3,3.0,3.5536043643951416,3.3035829067230225,0.243485689163208,135.4213650226593,0.0060120472818050745,4.313249588012695,0.00019148721811377116,15.266554117202759,0.0005316734313964844,0.0006952285766601562,158.5553047657013
