,rank,t_init,t_init_top,t_init_traj,t_io,t_io/frame,t_rmsd,t_rmsd/frame,t_wait,t_comm,t_close_traj,total_time
0,0.0,5.129327058792114,3.869732141494751,1.2533609867095947,385.1625192165375,0.00427483373159309,13.852899551391602,0.00015375027249047284,2.2172927856445312e-05,0.00023794174194335938,0.0009930133819580078,404.145005941391
