,Write and Read,Read Time,Write Time
0,1027.8327887058258,348.58175230026245,678.7441449165344
