,t_init,t_init_top,t_init_traj,t_io,t_io/frame,t_rmsd,t_rmsd/frame,t_close_traj,total_time
0,6.347471237182617,1.9279499053955078,4.413402080535889,2978.9847600460052,0.03306309389618208,14.331347465515137,0.0001590604602165942,0.011682987213134766,2999.675261735916
