,t_init,t_init_top,t_init_traj,t_io,t_io/frame,t_rmsd,t_rmsd/frame,t_close_traj,total_time
0,1920.3707966804504,2.8024275302886963,1917.5635709762573,1421.3339071273804,0.01577507111129168,12.194036483764648,0.0001353389176888418,0.00048422813415527344,3353.8992245197296
