,rank,t_init,t_init_top,t_init_traj,t_io,t_io/frame,t_rmsd,t_rmsd/frame,t_wait,t_comm,t_close_traj,total_time
0,0.0,9.945094108581543,9.203072786331177,0.735166072845459,1623.1008968353271,0.0180144383666518,13.088043212890625,0.00014526130091998475,1.7881393432617188e-05,0.0002002716064453125,0.0010030269622802734,1646.1342523097992
