,rank,t_init,t_init_top,t_init_traj,t_write,t_write/frame,total_write,t_wait,t_close_traj,total_time
0,0.0,4.518657922744751,4.229575872421265,0.2811543941497803,723.1837587356567,0.0080264568117165,1955.3809232711792,1.8835067749023438e-05,0.011181116104125977,1959.8996000289917
