,rank,t_init,t_init_top,t_init_traj,t_write,t_write/frame,total_write,t_wait,t_close_traj,total_time
0,0.0,3.69730544090271,3.0088744163513184,0.6798880100250244,561.2058625221252,0.024914799668018878,861.2625274658203,37.87155032157898,0.0009856224060058594,902.831383228302
1,1.0,3.6949284076690674,3.1595380306243896,0.5290405750274658,566.7027168273926,0.025158833155489127,899.1369078159332,7.867813110351562e-05,0.014691352844238281,902.8319149017334
2,2.0,3.6977272033691406,3.1136984825134277,0.5755007266998291,539.2954366207123,0.023942083756746384,810.0665073394775,89.06818675994873,0.0009756088256835938,902.8324213027954
3,3.0,3.6948328018188477,2.969524383544922,0.7190842628479004,559.6856999397278,0.02484731187301788,869.5583124160767,29.578762769699097,0.0009944438934326172,902.8319079875946
