,t_init,t_init_top,t_init_traj,t_io,t_io/frame,t_rmsd,t_rmsd/frame,t_close_traj,total_time
0,1414.9559557437897,2.2641358375549316,1412.6865572929382,1329.824744939804,0.014759431131407371,11.400654315948486,0.00012653334423916188,0.3338735103607178,2756.515228509903
