,t_init,t_init_top,t_init_traj,t_io,t_io/frame,t_rmsd,t_rmsd/frame,t_close_traj,total_time
0,5.154675245285034,2.6655197143554688,2.484029769897461,4656.045446395874,0.051676420048788835,13.566508054733276,0.00015057167652312182,0.0009582042694091797,4674.767587900162
