,rank,t_init,t_init_top,t_init_traj,t_io,t_io/frame,t_rmsd,t_rmsd/frame,t_wait,t_comm,t_close_traj,total_time
0,0.0,4.425131320953369,2.6542422771453857,1.764686107635498,1135.9413106441498,0.012607561716361263,12.424563884735107,0.00013789749039661605,2.09808349609375e-05,0.00019860267639160156,0.011553049087524414,1152.7912254333496
