,Write and Read,Read Time,Write Time
0,1073.601185798645,699.4428391456604,373.70925545692444
