,t_init,t_init_top,t_init_traj,t_io,t_io/frame,t_rmsd,t_rmsd/frame,t_close_traj,total_time
0,957.24005651474,2.586960792541504,954.6475751399994,702.3277294635773,0.007794980349207295,11.357799768447876,0.00012605771108155245,0.00033283233642578125,1670.9259185791016
