,rank,t_init,t_init_top,t_init_traj,t_write,t_write/frame,total_write,t_wait,t_close_traj,total_time
0,0.0,6.119251489639282,3.2608237266540527,2.8507368564605713,523.2043826580048,0.005806929885216479,952.5830593109131,2.4318695068359375e-05,0.011560201644897461,958.7023351192474
