,rank,t_init,t_init_top,t_init_traj,t_write,t_write/frame,total_write,t_wait,t_close_traj,total_time
0,0.0,7.029011249542236,3.308573007583618,3.7141363620758057,279.3570532798767,0.012402088935843584,529.0040962696075,1.6290206909179688,0.0010213851928710938,537.6621282100677
1,1.0,7.029382228851318,3.2884926795959473,3.7342541217803955,274.5088241100311,0.012186851236849329,505.6113841533661,25.02138638496399,0.0009925365447998047,537.6621527671814
2,2.0,7.029221296310425,3.3769357204437256,3.6456120014190674,275.97616505622864,0.012251994009155545,530.6325981616974,9.751319885253906e-05,0.28806591033935547,537.6619169712067
3,3.0,7.031075477600098,3.3426661491394043,3.681652545928955,278.0486009120941,0.012344000040492525,528.678915977478,1.9521074295043945,0.0010275840759277344,537.6620988845825
