,rank,t_init,t_init_top,t_init_traj,t_io,t_io/frame,t_rmsd,t_rmsd/frame,t_wait,t_comm,t_close_traj,total_time
0,0.0,2.4136061668395996,2.120870590209961,0.2869889736175537,1137.5238313674927,0.01262512576434509,12.062636852264404,0.00013388054220049282,1.9311904907226562e-05,0.0002231597900390625,0.014064311981201172,1152.0003168582916
