,Write and Read,Read Time,Write Time
0,2245.2219429016113,1477.3533701896667,767.3859176635742
