,rank,t_init,t_init_top,t_init_traj,t_io,t_io/frame,t_rmsd,t_rmsd/frame,t_wait,t_comm,t_close_traj,total_time
0,0.0,7.700040817260742,6.585597515106201,1.1078541278839111,1181.7803580760956,0.013116319179534913,11.66570258140564,0.0001294750563973989,1.6927719116210938e-05,0.00019788742065429688,0.01144862174987793,1201.1463162899017
