,t_init,t_init_top,t_init_traj,t_io,t_io/frame,t_rmsd,t_rmsd/frame,t_close_traj,total_time
0,3978.341565847397,8.683050870895386,3969.652961730957,905.6933267116547,0.010052090196577743,11.764479160308838,0.00013057135583028677,0.011353254318237305,4895.810724973679
