,Write and Read,Read Time,Write Time
0,920.670252084732,379.7812075614929,540.405070066452
