,rank,t_init,t_init_top,t_init_traj,t_to_mem,t_io,t_io/frame,t_rmsd,t_rmsd/frame,t_wait,t_comm,t_close_traj,total_time
0,0.0,4.718227386474609,3.933095693588257,0.7813422679901123,447.1880884170532,2.836113452911377,6.295479362733356e-05,12.98665475845337,0.00028827202571483614,1.6689300537109375e-05,0.00014710426330566406,5.7220458984375e-06,467.7292478084564
