,t_init,t_init_top,t_init_traj,t_io,t_io/frame,t_rmsd,t_rmsd/frame,t_close_traj,total_time
0,2.276324510574341,2.1307928562164307,0.13943266868591309,503.28159618377686,0.005585811278399299,13.943836688995361,0.00015475956369584196,0.0004820823669433594,519.5022394657135
