,rank,t_init,t_init_top,t_init_traj,t_io,t_io/frame,t_rmsd,t_rmsd/frame,t_wait,t_comm,t_close_traj,total_time
0,0.0,5.804471492767334,3.8578758239746094,1.9388537406921387,272.6757426261902,0.012105471370752062,5.243240118026733,0.00023277425607221903,9.661653280258179,0.000522613525390625,0.0005199909210205078,293.3856301307678
1,1.0,5.8058762550354,3.7641983032226562,2.0323522090911865,267.05703568458557,0.011856028221291257,5.3030335903167725,0.000235428794242698,15.21795654296875,0.00033020973205566406,0.0009219646453857422,293.38423228263855
2,2.0,5.804345607757568,3.630391836166382,2.1658825874328613,275.40508913993835,0.01222664102730026,5.212461948394775,0.00023140785564460713,6.955699920654297,0.00042438507080078125,0.0006196498870849609,293.3780210018158
3,3.0,5.8065502643585205,3.640392541885376,2.1568706035614014,282.14624667167664,0.012525915501517276,5.4314892292022705,0.0002411315973008777,7.224082946777344e-05,0.0005207061767578125,0.0005207061767578125,293.38487911224365
