,t_init,t_init_top,t_init_traj,t_io,t_io/frame,t_rmsd,t_rmsd/frame,t_close_traj,total_time
0,2.7628586292266846,2.306035041809082,0.4515726566314697,2178.9294357299805,0.024183456556381582,13.995444059371948,0.00015533234250135347,0.01181173324584961,2195.699550151825
