,rank,t_init,t_init_top,t_init_traj,t_to_mem,t_io,t_io/frame,t_rmsd,t_rmsd/frame,t_wait,t_comm,t_close_traj,total_time
0,0.0,3.631723165512085,3.4313063621520996,0.19454646110534668,501.80886244773865,1.113619089126587,1.235981230995102e-05,10.532998085021973,0.00011690341936761346,1.5974044799804688e-05,0.0002181529998779297,6.4373016357421875e-06,517.087436914444
