,Write and Read,Read Time,Write Time
0,1516.8220398426056,1236.507425069809,279.81025767326355
