,Write and Read,Read Time,Write Time
0,1689.9182512760162,1301.5076489448547,387.9384698867798
