,Write and Read,Read Time,Write Time
0,993.9828817844391,471.4775536060333,522.0595436096191
