,Write and Read,Read Time,Write Time
0,1632.4588384628296,1279.222050666809,352.7767491340637
