,Write and Read,Read Time,Write Time
0,1510.7117762565613,1236.4782993793488,273.80900406837463
