,Write and Read,Read Time,Write Time
0,1654.6483280658722,1369.4120280742645,284.8185079097748
