,Write and Read,Read Time,Write Time
0,1677.93368434906,1325.8828823566437,351.6139569282532
