,t_init,t_init_top,t_init_traj,t_io,t_io/frame,t_rmsd,t_rmsd/frame,t_close_traj,total_time
0,4.120581388473511,4.010455369949341,0.10476493835449219,409.9366683959961,0.004549796541575983,13.944507837295532,0.00015476701262259193,0.0002694129943847656,428.0020270347595
