,rank,t_init,t_init_top,t_init_traj,t_io,t_io/frame,t_rmsd,t_rmsd/frame,t_wait,t_comm,t_close_traj,total_time
0,0.0,3.0076308250427246,2.734799385070801,0.2692570686340332,5107.52880358696,0.056687334113062815,19.751875400543213,0.0002192217025587482,2.4557113647460938e-05,0.0003299713134765625,0.0111236572265625,5130.288664340973
