,Write and Read,Read Time,Write Time
0,933.9657919406891,670.9029655456543,262.59530806541443
