,rank,t_init,t_init_top,t_init_traj,t_write,t_write/frame,total_write,t_wait,t_close_traj,total_time
0,0.0,3.6204640865325928,3.122446298599243,0.49077463150024414,517.0775852203369,0.005738929913655238,1359.146572113037,1.5735626220703125e-05,0.01098179817199707,1362.767051935196
