,rank,t_init,t_init_top,t_init_traj,t_write,t_write/frame,total_write,t_wait,t_close_traj,total_time
0,0.0,3.223361015319824,2.503880023956299,0.7132792472839355,481.9053318500519,0.021394243367371894,692.6456439495087,1.4391391277313232,0.0005767345428466797,697.3081440925598
1,1.0,3.223198175430298,2.599069356918335,0.617922306060791,481.12442994117737,0.021359575136123302,683.5518333911896,10.533071041107178,0.0005476474761962891,697.308102607727
2,2.0,3.2236714363098145,2.6266751289367676,0.5908200740814209,479.9921247959137,0.021309306317243672,694.0845861434937,8.58306884765625e-05,0.014336824417114258,697.308343410492
3,3.0,3.225522041320801,2.592608690261841,0.6265697479248047,474.55071926116943,0.021067734484402637,679.2312905788422,14.851226806640625,0.0005478858947753906,697.3080394268036
