,Write and Read,Read Time,Write Time
0,1253.9257152080536,644.1515004634857,609.3756856918335
