,rank,t_init,t_init_top,t_init_traj,t_to_mem,t_io,t_io/frame,t_rmsd,t_rmsd/frame,t_wait,t_comm,t_close_traj,total_time
0,0.0,4.448586702346802,3.499762535095215,0.9425914287567139,315.74903440475464,1.1638407707214355,1.2917211661725145e-05,11.467699527740479,0.00012727746423685325,0.03435373306274414,0.14949703216552734,0.00031256675720214844,333.0130121707916
