,Write and Read,Read Time,Write Time
0,1660.9538974761963,1298.328294992447,362.1901731491089
