,Write and Read,Read Time,Write Time
0,1561.5134437084198,1315.167941570282,245.9099726676941
