,rank,t_init,t_init_top,t_init_traj,t_to_mem,t_io,t_io/frame,t_rmsd,t_rmsd/frame,t_wait,t_comm,t_close_traj,total_time
0,0.0,2.5500082969665527,2.2970170974731445,0.24751663208007812,376.12628865242004,1.166006326675415,1.294124668896132e-05,10.529666423797607,0.00011686644199553394,1.5497207641601562e-05,0.0002052783966064453,5.4836273193359375e-06,390.37219047546387
