,rank,t_init,t_init_top,t_init_traj,t_to_mem,t_io,t_io/frame,t_rmsd,t_rmsd/frame,t_wait,t_comm,t_close_traj,total_time
0,0.0,4.976644515991211,2.145401954650879,2.8244783878326416,390.77771759033203,1.2056174278259277,1.3380881551897089e-05,11.610577583312988,0.0001288632362187901,1.7642974853515625e-05,0.00020170211791992188,7.152557373046875e-06,408.57077646255493
