,rank,t_init,t_init_top,t_init_traj,t_io,t_io/frame,t_rmsd,t_rmsd/frame,t_wait,t_comm,t_close_traj,total_time
0,0.0,4.142670154571533,3.769303321838379,0.3671152591705322,317.1672339439392,0.0035201690781791256,14.134999752044678,0.00015688124031126168,2.6464462280273438e-05,0.0003886222839355469,0.0012359619140625,335.44531893730164
