,rank,t_init,t_init_top,t_init_traj,t_io,t_io/frame,t_rmsd,t_rmsd/frame,t_wait,t_comm,t_close_traj,total_time
0,0.0,3.1058156490325928,2.7635834217071533,0.33534955978393555,304.91127943992615,0.013536571784236454,5.7008631229400635,0.00025309048270544124,21.912686347961426,0.0006031990051269531,0.0020885467529296875,335.63124775886536
1,1.0,3.10408091545105,2.66936993598938,0.42793989181518555,326.8926954269409,0.014512439308632228,5.620608329772949,0.00024952756181011984,6.532669067382812e-05,0.00047898292541503906,0.019502878189086914,335.617928981781
2,2.0,3.104912042617798,2.608969211578369,0.48923444747924805,317.3010139465332,0.014086615491522007,5.53471565246582,0.00024571434639137935,9.68856406211853,0.0005600452423095703,0.0021772384643554688,335.62976574897766
3,3.0,3.101201057434082,2.5900521278381348,0.5070240497589111,274.55511450767517,0.012188906304447288,5.535950660705566,0.0002457691747261073,52.43970274925232,0.0006177425384521484,0.0020554065704345703,335.6325867176056
