,rank,t_init,t_init_top,t_init_traj,t_io,t_io/frame,t_rmsd,t_rmsd/frame,t_wait,t_comm,t_close_traj,total_time
0,0.0,2.541851758956909,2.2817018032073975,0.2535688877105713,83.02225041389465,0.00737123771765024,2.5050480365753174,0.00022241392493787778,2.1106953620910645,0.0003581047058105469,0.00148773193359375,90.18020367622375
1,1.0,2.5445971488952637,2.283881425857544,0.25407934188842773,79.59828877449036,0.007067236861803281,2.491564989089966,0.00022121681515492903,5.54923415184021,0.0001926422119140625,0.0014934539794921875,90.18387770652771
2,2.0,2.5434837341308594,2.266753911972046,0.2700231075286865,81.25645399093628,0.007214459201894369,2.523391008377075,0.00022404252937734842,3.8623366355895996,0.0002288818359375,0.001462697982788086,90.18589425086975
3,3.0,2.543849229812622,2.2723634243011475,0.26516032218933105,82.53987097740173,0.007328409036438048,2.5349199771881104,0.0002250661437617074,2.5666770935058594,0.00024962425231933594,0.0014388561248779297,90.18556690216064
4,4.0,2.544414758682251,2.2225310802459717,0.3152179718017578,78.37293481826782,0.006959060097519785,2.533155918121338,0.00022492949015462065,6.738183498382568,0.0002789497375488281,0.0014111995697021484,90.18896794319153
5,5.0,2.5443875789642334,2.2027833461761475,0.3348541259765625,85.02166175842285,0.007549428321650049,2.621579647064209,0.00023278100222555575,5.888938903808594e-05,0.00030112266540527344,0.001383066177368164,90.18798899650574
6,6.0,2.544116497039795,2.288684129714966,0.24873685836791992,78.66200137138367,0.006984727523653318,2.616349935531616,0.00023231663430399717,6.363891363143921,0.00032806396484375,0.0013632774353027344,90.18668723106384
7,7.0,2.544706106185913,2.315976142883301,0.22208738327026367,82.42677974700928,0.007319017913959268,2.497140407562256,0.00022173152260364552,2.7191765308380127,0.00034880638122558594,0.0013310909271240234,90.18815159797668
