,rank,t_init,Initialize_Topology,Initialize_Trajectory,t_open_traj,t_n_atoms,t_set_units,IO,total_io/bsize,total_copy_data,total_copy_box,total_get_dataset,total_set_ts_position,total_convert_units,RMSD,total_rmsd/bsize,Wait,Comm_Gather,t_close_traj,Total_Benchmark_Time
0,0.0,4.33920955657959,2.617687225341797,1.714946985244751,0.6313958168029785,0.8473420143127441,0.0017771720886230469,5776.844542264938,0.06411592166775736,130.42744779586792,105.7525942325592,5408.416757822037,24.955748558044434,26.537099361419678,22.519692182540894,0.0002499410897063362,1.5497207641601562e-05,0.0002808570861816406,0.015255451202392578,5803.703740358353
