,t_init,t_init_top,t_init_traj,t_io,t_io/frame,t_rmsd,t_rmsd/frame,t_close_traj,total_time
0,3.575836420059204,3.071998357772827,0.4985618591308594,2485.6533687114716,0.02758771774374552,14.106655597686768,0.00015656665480229487,0.0007829666137695312,2503.3366436958313
