,Write and Read,Read Time,Write Time
0,1493.9155218601227,1234.6525628566742,258.8207702636719
