,Write and Read,Read Time,Write Time
0,1572.334094285965,1225.1438913345337,346.7555847167969
