,t_init,t_init_top,t_init_traj,t_io,t_io/frame,t_rmsd,t_rmsd/frame,t_close_traj,total_time
0,3.8600759506225586,3.3533308506011963,0.5020592212677002,4627.610302209854,0.05136082466381636,14.108756065368652,0.00015658996742917483,0.0006911754608154297,4645.579825401306
