,rank,t_init,t_init_top,t_init_traj,t_io,t_io/frame,t_rmsd,t_rmsd/frame,t_wait,t_comm,t_close_traj,total_time
0,0.0,2.7338201999664307,2.2161412239074707,0.51141357421875,344.90794706344604,0.0038280571261203778,13.1107656955719,0.00014551349273664706,1.6927719116210938e-05,0.00020575523376464844,0.0008056163787841797,360.75275564193726
