,t_init,t_init_top,t_init_traj,t_io,t_io/frame,t_rmsd,t_rmsd/frame,t_close_traj,total_time
0,4.5385332107543945,2.2308740615844727,2.3015072345733643,768.6286973953247,0.00853084014867175,18.554758310317993,0.00020593516437644832,0.000942230224609375,791.7229311466217
