,rank,t_init,t_init_top,t_init_traj,t_io,t_io/frame,t_rmsd,t_rmsd/frame,t_wait,t_comm,t_close_traj,total_time
0,0.0,2.7125320434570312,2.4373672008514404,0.2689189910888672,436.1788341999054,0.004841052543839128,15.21485424041748,0.0001688663067748888,2.3126602172851562e-05,0.0005886554718017578,0.0006670951843261719,454.1068322658539
