,rank,t_init,t_init_top,t_init_traj,t_io,t_io/frame,t_rmsd,t_rmsd/frame,t_wait,t_comm,t_close_traj,total_time
0,0.0,4.913262367248535,3.334325075149536,1.5712335109710693,141.7739541530609,0.0062940712165620825,4.451248645782471,0.0001976137023654815,11.970596313476562,0.0004994869232177734,0.0007164478302001953,163.1095609664917
1,1.0,4.913402557373047,3.315863847732544,1.5899202823638916,146.6724419593811,0.006511540153579627,4.563632011413574,0.00020260297497951495,6.965291500091553,0.000316619873046875,0.0006468296051025391,163.11508464813232
2,2.0,4.914841413497925,3.327085494995117,1.5794966220855713,146.91028952598572,0.006522099424017124,4.599539041519165,0.00020419707176555672,6.68459415435791,0.00041794776916503906,0.0005660057067871094,163.10968208312988
3,3.0,4.913342237472534,3.3327856063842773,1.572951316833496,153.50501036643982,0.006814872824259259,4.695252418518066,0.00020844627829159007,5.555152893066406e-05,0.0004966259002685547,0.00046443939208984375,163.11415719985962
