,rank,t_init,t_init_top,t_init_traj,t_io,t_io/frame,t_rmsd,t_rmsd/frame,t_wait,t_comm,t_close_traj,total_time
0,0.0,3.405923366546631,3.21010422706604,0.1895287036895752,183.78631615638733,0.00815921492370199,5.250534534454346,0.0002330980925395936,7.680490255355835,0.0005464553833007812,0.0006747245788574219,200.12381076812744
1,1.0,3.406405448913574,3.2309632301330566,0.16864967346191406,175.59393095970154,0.007795513028177649,5.337933778762817,0.00023697819217592973,15.784398078918457,0.00033164024353027344,0.0007493495941162109,200.12299990653992
2,2.0,3.4058566093444824,3.2390847206115723,0.16058063507080078,181.34215903282166,0.008050706283366111,5.324199914932251,0.00023636847569066596,10.057363510131836,0.000438690185546875,0.0006558895111083984,200.13001775741577
3,3.0,3.406522512435913,3.2223410606384277,0.17753171920776367,191.3981249332428,0.008497142061409226,5.326457500457764,0.00023646870146316375,6.461143493652344e-05,0.000537872314453125,0.000568389892578125,200.13170742988586
