,rank,t_init,t_init_top,t_init_traj,t_io,t_io/frame,t_rmsd,t_rmsd/frame,t_wait,t_comm,t_close_traj,total_time
0,0.0,4.739913702011108,4.188488960266113,0.5438451766967773,94.54252624511719,0.008394080284570468,2.526237964630127,0.00022429530006482526,9.072079181671143,0.0005686283111572266,0.0006334781646728516,110.88132572174072
1,1.0,4.73731255531311,4.200737476348877,0.5302693843841553,99.48077845573425,0.008832529384332261,2.48148512840271,0.00022032186170671314,4.180629730224609,0.0002110004425048828,0.0009481906890869141,110.88041687011719
2,2.0,4.738070249557495,4.27975058555603,0.4521067142486572,84.41954016685486,0.00749529789282206,2.539092779159546,0.0002254366313734836,19.18169116973877,0.00030541419982910156,0.0008969306945800781,110.8786997795105
3,3.0,4.73840856552124,4.223500967025757,0.50862717628479,79.93793773651123,0.007097393033517822,2.4920120239257812,0.0002212565057201262,23.71047878265381,0.0002841949462890625,0.0008487701416015625,110.87912130355835
4,4.0,4.737786293029785,4.1834471225738525,0.54807448387146,86.24926853179932,0.007658432652441779,2.5388598442077637,0.00022543596556630826,17.352663278579712,0.00041031837463378906,0.0007936954498291016,110.87898826599121
5,5.0,4.738493204116821,4.256548166275024,0.4756157398223877,87.80024409294128,0.007796150247996917,2.566166639328003,0.0002278606499136923,15.763268947601318,0.00037407875061035156,0.0007424354553222656,110.86854696273804
6,6.0,4.738494873046875,4.209085941314697,0.5231449604034424,78.86816310882568,0.007003033485067101,2.474461555480957,0.00021971777264082374,24.802457571029663,0.0005133152008056641,0.0006866455078125,110.88409042358398
7,7.0,4.738135814666748,4.226806879043579,0.5050163269042969,103.50772047042847,0.009190882655871823,2.6308248043060303,0.0002336019183365326,5.8650970458984375e-05,0.0005609989166259766,0.0008175373077392578,110.87730073928833
