,rank,t_init,t_init_top,t_init_traj,t_write,t_write/frame,total_write,t_wait,t_close_traj,total_time
0,0.0,4.687037467956543,3.3388547897338867,1.3405275344848633,471.22705912590027,0.005230045051341846,1246.6375064849854,1.6927719116210938e-05,0.011314153671264648,1251.324560880661
