,rank,t_init,t_init_top,t_init_traj,t_write,t_write/frame,total_write,t_wait,t_close_traj,total_time
0,0.0,4.938056945800781,3.7002594470977783,1.2303297519683838,304.57383155822754,0.01352159074620322,513.1181132793427,9.641360759735107,0.0005784034729003906,527.6975309848785
1,1.0,4.935611248016357,3.6284871101379395,1.3011209964752197,303.17625522613525,0.013459545182070378,522.7612090110779,6.771087646484375e-05,0.003154754638671875,527.6968879699707
2,2.0,4.93219780921936,3.5905840396881104,1.3359630107879639,306.1708753108978,0.013592491689717994,518.7812912464142,3.9795920848846436,0.0005784034729003906,527.6930811405182
3,3.0,4.931805849075317,3.59782338142395,1.3282220363616943,306.1738157272339,0.013592622229843901,519.7078988552094,3.053241491317749,0.0005433559417724609,527.6929461956024
