,Write and Read,Read Time,Write Time
0,1168.548795223236,690.9053680896759,477.19140625
