,t_init,t_init_top,t_init_traj,t_io,t_io/frame,t_rmsd,t_rmsd/frame,t_close_traj,total_time
0,4.664161205291748,3.303218126296997,1.3555629253387451,2638.48162484169,0.02928392480401432,14.001056909561157,0.0001553946382859174,0.0034914016723632812,2657.1503343582153
