,t_init,t_init_top,t_init_traj,t_io,t_io/frame,t_rmsd,t_rmsd/frame,t_close_traj,total_time
0,3.344558000564575,2.2814626693725586,1.0585713386535645,4632.8869841098785,0.05141938939078666,13.565908432006836,0.00015056502144291715,0.0009996891021728516,4649.798450231552
