,Write and Read,Read Time,Write Time
0,961.8182060718536,660.6209256649017,300.7703812122345
