,t_init,t_init_top,t_init_traj,t_io,t_io/frame,t_rmsd,t_rmsd/frame,t_close_traj,total_time
0,6.212694883346558,2.467108726501465,3.737143039703369,702.7410268783569,0.007799567445930709,17.716166973114014,0.00019662782434088806,0.0006754398345947266,726.6705641746521
