,t_init,t_init_top,t_init_traj,t_io,t_io/frame,t_rmsd,t_rmsd/frame,t_close_traj,total_time
0,2.340714693069458,2.02018666267395,0.3146841526031494,669.4606828689575,0.00743019625825702,20.439814567565918,0.00022685698743136424,0.0005276203155517578,692.2417397499084
