,rank,t_init,t_init_top,t_init_traj,t_io,t_io/frame,t_rmsd,t_rmsd/frame,t_wait,t_comm,t_close_traj,total_time
0,0.0,2.1309008598327637,1.9123144149780273,0.21288681030273438,1321.3891253471375,0.01466580605268743,13.045929670333862,0.00014479389201258448,1.621246337890625e-05,0.000209808349609375,0.03777956962585449,1336.566181898117
