,t_init,t_init_top,t_init_traj,t_io,t_io/frame,t_rmsd,t_rmsd/frame,t_close_traj,total_time
0,2.4187533855438232,2.315768003463745,0.10013961791992188,499.63351583480835,0.005545322040341935,13.98750925064087,0.00015524427581177435,0.0004305839538574219,516.0402090549469
