,Write and Read,Read Time,Write Time
0,1073.3745255470276,437.54311871528625,635.3570120334625
