,t_init,t_init_top,t_init_traj,t_io,t_io/frame,t_rmsd,t_rmsd/frame,t_close_traj,total_time
0,917.5963411331177,2.3765311241149902,915.2150630950928,703.5505862236023,0.007808552566299693,11.349483251571655,0.00012596540789757663,0.0002396106719970703,1632.4966502189636
