,t_init,t_init_top,t_init_traj,t_io,t_io/frame,t_rmsd,t_rmsd/frame,t_close_traj,total_time
0,3.2760555744171143,2.9296419620513916,0.34108495712280273,812.8783433437347,0.009021957195823915,18.228589296340942,0.00020231508652986618,0.011785030364990234,834.3947732448578
