,Write and Read,Read Time,Write Time
0,2130.7701601982117,1330.120658159256,800.1850225925446
