,Write and Read,Read Time,Write Time
0,970.8633794784546,399.6630103588104,570.7001845836639
