,Write and Read,Read Time,Write Time
0,992.7854290008545,483.39377546310425,508.9089925289154
