,t_init,t_init_top,t_init_traj,t_io,t_io/frame,t_rmsd,t_rmsd/frame,t_close_traj,total_time
0,1690.4511880874634,2.4622912406921387,1687.9836165904999,1447.3611099720001,0.016063941287147616,11.540711164474487,0.00012808780426719742,0.010917901992797852,3149.363927125931
