,t_init,t_init_top,t_init_traj,t_io,t_io/frame,t_rmsd,t_rmsd/frame,t_close_traj,total_time
0,4.496581792831421,2.2582972049713135,2.2321524620056152,1077.1684391498566,0.011955254596557786,16.930471420288086,0.0001879075629332751,0.00075531005859375,1098.5962476730347
