,Write and Read,Read Time,Write Time
0,932.8840050697327,665.3188083171844,267.1266293525696
