,Write and Read,Read Time,Write Time
0,1032.1798689365387,691.6770095825195,340.0818543434143
