,rank,t_init,t_init_top,t_init_traj,t_io,t_io/frame,t_rmsd,t_rmsd/frame,t_wait,t_comm,t_close_traj,total_time
0,0.0,2.2298662662506104,2.054054021835327,0.17279672622680664,5619.57021188736,0.06237036861140244,20.96841263771057,0.00023272378066271443,2.6226043701171875e-05,0.0006358623504638672,0.013700246810913086,5642.769152879715
