,rank,t_init,t_init_top,t_init_traj,t_io,t_io/frame,t_rmsd,t_rmsd/frame,t_wait,t_comm,t_close_traj,total_time
0,0.0,2.9107089042663574,2.504807472229004,0.3988170623779297,1331.313700914383,0.01477595672490991,11.845725536346436,0.00013147309141338997,1.8358230590820312e-05,0.00021147727966308594,0.003906726837158203,1346.070365190506
