,t_init,t_init_top,t_init_traj,t_io,t_io/frame,t_rmsd,t_rmsd/frame,t_close_traj,total_time
0,3941.987630367279,2.5342531204223633,3939.447810649872,808.2899074554443,0.008971031159327906,11.95570158958435,0.00013269369133833909,0.056290388107299805,4762.289529800415
