,t_init,t_init_top,t_init_traj,t_io,t_io/frame,t_rmsd,t_rmsd/frame,t_close_traj,total_time
0,2.6774580478668213,2.322037935256958,0.350935697555542,4615.651635885239,0.05122809806753872,13.825130939483643,0.00015344207480004043,0.000701904296875,4632.154926776886
