,rank,t_init,t_init_top,t_init_traj,t_to_mem,t_io,t_io/frame,t_rmsd,t_rmsd/frame,t_wait,t_comm,t_close_traj,total_time
0,0.0,2.9289350509643555,2.491142749786377,0.4334242343902588,846.0328571796417,1.182715654373169,1.3126699826561253e-05,13.025443315505981,0.00014456651848508304,0.0162503719329834,0.0007958412170410156,1.0251998901367188e-05,863.1869974136353
