,t_init,t_init_top,t_init_traj,t_io,t_io/frame,t_rmsd,t_rmsd/frame,t_close_traj,total_time
0,5.943649530410767,2.1655797958374023,3.7726616859436035,481.0793092250824,0.005339392999168506,16.198283195495605,0.00017978116754157166,0.0006668567657470703,503.2219088077545
