,Write and Read,Read Time,Write Time
0,894.0788786411285,299.44614696502686,594.1372542381287
