,rank,t_init,t_init_top,t_init_traj,t_write,t_write/frame,total_write,t_wait,t_close_traj,total_time
0,0.0,3.167550802230835,2.854442596435547,0.3073558807373047,720.8277113437653,0.008000307562083964,2032.7285282611847,1.430511474609375e-05,0.013947486877441406,2035.8960933685303
