,rank,t_init,t_init_top,t_init_traj,t_write,t_write/frame,total_write,t_wait,t_close_traj,total_time
0,0.0,8.255062341690063,5.9462878704071045,2.301880359649658,281.38774609565735,0.01249224178005138,600.0166823863983,66.75877261161804,0.001154184341430664,675.0305173397064
1,1.0,8.254316568374634,5.979620456695557,2.2685959339141846,290.01453852653503,0.012875229235362266,666.7760601043701,6.67572021484375e-05,0.061806678771972656,675.0304434299469
2,2.0,8.291311502456665,5.944450855255127,2.340424060821533,290.23644757270813,0.012885080913327775,619.0122017860413,47.72718000411987,0.0011487007141113281,675.0306932926178
3,3.0,8.254218816757202,5.978778839111328,2.2692980766296387,282.87910628318787,0.01255845088937571,618.2793471813202,48.496772050857544,0.001155853271484375,675.0303380489349
