,Write and Read,Read Time,Write Time
0,1168.1264684200287,494.1230788230896,673.4960162639618
