,t_init,t_init_top,t_init_traj,t_io,t_io/frame,t_rmsd,t_rmsd/frame,t_close_traj,total_time
0,3.0737180709838867,2.96563458442688,0.10011911392211914,439.39552640914917,0.004876753900212532,14.53183102607727,0.00016128558297533042,0.00024175643920898438,457.00131726264954
