,t_init,t_init_top,t_init_traj,t_io,t_io/frame,t_rmsd,t_rmsd/frame,t_close_traj,total_time
0,6.163352727890015,5.901697397232056,0.2540862560272217,637.2898664474487,0.007073139472224736,20.215227603912354,0.00022436434632533135,0.000453948974609375,663.6689007282257
