,Write and Read,Read Time,Write Time
0,1008.358199596405,665.2371122837067,342.6790397167206
