,Write and Read,Read Time,Write Time
0,948.5093400478363,359.26158905029297,588.8196680545807
