,Write and Read,Read Time,Write Time
0,1283.9273519515991,690.3897488117218,593.1019468307495
