,Write and Read,Read Time,Write Time
0,1196.7095353603363,668.2045810222626,528.0616679191589
