,t_init,t_init_top,t_init_traj,t_io,t_io/frame,t_rmsd,t_rmsd/frame,t_close_traj,total_time
0,1648.3818864822388,2.1075339317321777,1646.2693169116974,1451.4861612319946,0.016109724319999942,11.559606552124023,0.00012829752000137652,0.0006160736083984375,3111.428270339966
