,Write and Read,Read Time,Write Time
0,1229.4924738407135,622.6172804832458,606.4479055404663
