,t_init,t_init_top,t_init_traj,t_io,t_io/frame,t_rmsd,t_rmsd/frame,t_close_traj,total_time
0,2730.0648505687714,2.7302756309509277,2727.3290355205536,721.01997590065,0.008002441463936182,11.08750581741333,0.00012305777821768402,0.00034999847412109375,3462.172682285309
