,Write and Read,Read Time,Write Time
0,611.8067507743835,335.263699054718,276.07434344291687
