,t_init,t_init_top,t_init_traj,t_io,t_io/frame,t_rmsd,t_rmsd/frame,t_close_traj,total_time
0,1173.2938005924225,2.232156991958618,1171.0570847988129,1441.3659636974335,0.015997402482768406,11.602619886398315,0.0001287749154983165,0.0002522468566894531,2626.262636423111
