,t_init,t_init_top,t_init_traj,t_io,t_io/frame,t_rmsd,t_rmsd/frame,t_close_traj,total_time
0,1354.2900278568268,4.7863194942474365,1349.4986367225647,1452.8294508457184,0.016124633194736053,11.775650024414062,0.0001306953387837299,0.0003490447998046875,2818.895477771759
