,t_init,t_init_top,t_init_traj,t_io,t_io/frame,t_rmsd,t_rmsd/frame,t_close_traj,total_time
0,2.6959025859832764,2.352036476135254,0.3412449359893799,251.93307280540466,0.002796149531691506,13.836387395858765,0.00015356700772318273,0.0002372264862060547,268.4656000137329
