,rank,t_init,t_init_top,t_init_traj,t_io,t_io/frame,t_rmsd,t_rmsd/frame,t_wait,t_comm,t_close_traj,total_time
0,0.0,5.439702272415161,4.714234113693237,0.720149040222168,6375.559128522873,0.07076092262511513,17.230239629745483,0.0001912346240815259,1.5735626220703125e-05,0.0002384185791015625,0.0012950897216796875,6398.229324579239
