,rank,t_init,t_init_top,t_init_traj,t_io,t_io/frame,t_rmsd,t_rmsd/frame,t_wait,t_comm,t_close_traj,total_time
0,0.0,3.576777219772339,3.362403631210327,0.20891857147216797,2928.1531841754913,0.032498925462547075,13.935412645339966,0.00015466606709589308,1.5974044799804688e-05,0.00020456314086914062,0.0010654926300048828,2945.6655945777893
