,rank,t_init,t_init_top,t_init_traj,t_write,t_write/frame,total_write,t_wait,t_close_traj,total_time
0,0.0,5.265486240386963,2.5548110008239746,2.702439785003662,480.6685175895691,0.005334833713535728,1410.6345529556274,2.3365020751953125e-05,0.018263578414916992,1415.9000625610352
