,rank,t_init,t_init_top,t_init_traj,t_write,t_write/frame,total_write,t_wait,t_close_traj,total_time
0,0.0,8.365830898284912,4.072861194610596,4.2871270179748535,328.4957802295685,0.014583608445263862,754.2847573757172,6.1407365798950195,0.0009963512420654297,768.7913248538971
1,1.0,8.368382453918457,4.074806213378906,4.285378694534302,334.13852858543396,0.014834118916112495,750.7000563144684,9.722275733947754,0.0009989738464355469,768.7907145023346
2,2.0,8.36888599395752,4.072584867477417,4.288248062133789,321.4893157482147,0.014272555638100542,743.559045791626,16.863122940063477,0.0009598731994628906,768.791054725647
3,3.0,8.368279933929443,4.068153619766235,4.292063236236572,326.3538341522217,0.014488516499543693,760.4224154949188,4.839897155761719e-05,0.038080453872680664,768.7907438278198
