,rank,t_init,t_init_top,t_init_traj,t_to_mem,t_io,t_io/frame,t_rmsd,t_rmsd/frame,t_wait,t_comm,t_close_traj,total_time
0,0.0,2.728328227996826,2.337212085723877,0.3880615234375,623.4862129688263,2.713510036468506,6.023329714691467e-05,12.41036081314087,0.00027547970728392606,1.6450881958007812e-05,0.00014090538024902344,7.152557373046875e-06,641.3385694026947
