,rank,t_init,Initialize_Topology,Initialize_Trajectory,t_open_traj,t_n_atoms,t_set_units,IO,total_io/bsize,total_copy_data,total_copy_box,total_get_dataset,total_set_ts_position,total_convert_units,RMSD,total_rmsd/bsize,Wait,Comm_Gather,t_close_traj,Total_Benchmark_Time
0,0.0,4.26834511756897,2.9723904132843018,1.2913506031036377,0.42583560943603516,0.6120247840881348,0.0017414093017578125,5779.090605974197,0.06414085023278798,136.95936274528503,112.00157737731934,5402.35072350502,25.072147369384766,26.00116491317749,22.489591360092163,0.0002496070073262171,1.5020370483398438e-05,0.0002865791320800781,0.0014657974243164062,5805.848844051361
