,t_init,t_init_top,t_init_traj,t_io,t_io/frame,t_rmsd,t_rmsd/frame,t_close_traj,total_time
0,6.153462648391724,5.8520667552948,0.29369020462036133,838.2208828926086,0.009303228444979009,20.33912205696106,0.00022573942349568324,0.01616525650024414,864.7296328544617
