,Write and Read,Read Time,Write Time
0,1239.2769000530243,634.0140554904938,604.8512344360352
