,rank,t_init,t_init_top,t_init_traj,t_write,t_write/frame,total_write,t_wait,t_close_traj,total_time
0,0.0,2.9624123573303223,2.657224178314209,0.2988111972808838,872.6329524517059,0.009685160404569433,1764.3571038246155,1.811981201171875e-05,0.014028310775756836,1767.3195343017578
