,rank,t_init,t_init_top,t_init_traj,t_write,t_write/frame,total_write,t_wait,t_close_traj,total_time
0,0.0,5.52871298789978,4.938762903213501,0.584073543548584,530.78835105896,0.02356441070184062,815.2957575321198,88.81481742858887,0.0006444454193115234,909.6392879486084
1,1.0,5.531284332275391,4.97978401184082,0.5434653759002686,546.0731661319733,0.024242981848256306,855.6957156658173,48.41199994087219,0.0006368160247802734,909.6389999389648
2,2.0,5.528160095214844,5.060123920440674,0.4621922969818115,549.8062450885773,0.024408712323577237,881.992481470108,22.118152618408203,0.0006546974182128906,909.6387941837311
3,3.0,5.531057834625244,4.927091121673584,0.5958740711212158,560.3359093666077,0.024876177996297787,904.1078503131866,5.53131103515625e-05,0.014809131622314453,909.6389634609222
