,t_init,t_init_top,t_init_traj,t_io,t_io/frame,t_rmsd,t_rmsd/frame,t_close_traj,total_time
0,2.4474501609802246,2.2539422512054443,0.1902909278869629,401.8065209388733,0.0044595618306201255,13.868624687194824,0.00015392480229960959,0.0006494522094726562,418.1232452392578
