,Write and Read,Read Time,Write Time
0,2141.3457431793213,1498.5738728046417,642.3220098018646
