,Write and Read,Read Time,Write Time
0,1161.3481602668762,666.1872615814209,494.73153591156006
