,Write and Read,Read Time,Write Time
0,1224.2566237449646,654.1178863048553,569.7239098548889
