,t_init,t_init_top,t_init_traj,t_io,t_io/frame,t_rmsd,t_rmsd/frame,t_close_traj,total_time
0,3.0900235176086426,2.9633657932281494,0.12086296081542969,410.18826246261597,0.004552588928552897,13.84700059890747,0.00015368480131972776,0.0002200603485107422,427.1255066394806
