,Write and Read,Read Time,Write Time
0,2106.615874528885,1316.9641082286835,789.1734569072723
