,rank,t_init,t_init_top,t_init_traj,t_io,t_io/frame,t_rmsd,t_rmsd/frame,t_wait,t_comm,t_close_traj,total_time
0,0.0,2.2072927951812744,2.095325231552124,0.10554075241088867,312.4151110649109,0.003467426315925759,13.828016757965088,0.00015347410386198766,3.266334533691406e-05,0.000591278076171875,0.0015463829040527344,328.45104455947876
