,rank,t_init,t_init_top,t_init_traj,t_io,t_io/frame,t_rmsd,t_rmsd/frame,t_wait,t_comm,t_close_traj,total_time
0,0.0,5.701030254364014,5.512209415435791,0.18398833274841309,228.0845754146576,0.010125841305867151,5.425843954086304,0.00024088097465421992,35.52194118499756,0.00041961669921875,0.0016415119171142578,274.7338104248047
1,1.0,5.704253435134888,5.529351472854614,0.1663670539855957,221.8442041873932,0.009848799297997477,5.393382787704468,0.0002394398573897655,41.781532526016235,0.0003743171691894531,0.0017211437225341797,274.72374725341797
2,2.0,5.70250391960144,5.508841514587402,0.18743276596069336,232.9704396724701,0.010342749818977585,5.394583463668823,0.00023949316153912644,30.680201768875122,0.00037789344787597656,0.0016977787017822266,274.74810671806335
3,3.0,5.703421592712402,5.533515691757202,0.16200494766235352,263.5097200870514,0.011698544731944567,5.532349348068237,0.0002456092940318862,9.417533874511719e-05,0.0004875659942626953,0.012397527694702148,274.74607276916504
