,rank,t_init,t_init_top,t_init_traj,t_io,t_io/frame,t_rmsd,t_rmsd/frame,t_wait,t_comm,t_close_traj,total_time
0,0.0,3.5646557807922363,2.852102756500244,0.7055354118347168,69.13645339012146,0.006138369296823356,2.4127392768859863,0.00021421817250164132,6.545663118362427,0.00039196014404296875,0.0012199878692626953,81.65990352630615
1,1.0,3.5656449794769287,2.795604705810547,0.7613911628723145,68.80232763290405,0.006108703509979939,2.4581189155578613,0.00021824726232423522,6.831316232681274,0.00020074844360351562,0.0014050006866455078,81.65760850906372
2,2.0,3.56319260597229,2.696824312210083,0.859703540802002,68.24723982810974,0.006059419322392768,2.421353816986084,0.00021498302556921637,7.426522970199585,0.00023865699768066406,0.0015268325805664062,81.65854787826538
3,3.0,3.563595771789551,2.7963345050811768,0.7605681419372559,67.67464876174927,0.0060085810851237915,2.332862377166748,0.00020712619880731137,8.08507251739502,0.00026297569274902344,0.0013492107391357422,81.65644240379333
4,4.0,3.5634958744049072,2.790785312652588,0.7660348415374756,75.64610481262207,0.00671693347652478,2.4359426498413086,0.00021629751818871503,0.00899815559387207,0.0003097057342529297,0.0013074874877929688,81.65485119819641
5,5.0,3.569899559020996,2.8045029640197754,0.7588982582092285,75.54345631599426,0.006707818887941241,2.5401206016540527,0.00022554791348375534,6.0558319091796875e-05,0.0003266334533691406,0.0012812614440917969,81.65386366844177
6,6.0,3.5617728233337402,2.870863676071167,0.6842634677886963,73.15095591545105,0.006495378788443531,2.5127406120300293,0.00022311672989078576,2.425737142562866,0.00036454200744628906,0.0012516975402832031,81.65157103538513
7,7.0,3.5637636184692383,2.7988598346710205,0.7582104206085205,70.81760787963867,0.006288191074377435,2.384075164794922,0.0002116919876393999,4.891565561294556,0.0003819465637207031,0.0012216567993164062,81.65739417076111
