,t_init,t_init_top,t_init_traj,t_io,t_io/frame,t_rmsd,t_rmsd/frame,t_close_traj,total_time
0,2.478797197341919,2.354384183883667,0.11935663223266602,403.04640197753906,0.004473322996421078,15.019197940826416,0.00016669476071949407,0.0008666515350341797,420.54526376724243
