,rank,t_init,t_init_top,t_init_traj,t_write,t_write/frame,total_write,t_wait,t_close_traj,total_time
0,0.0,6.819017171859741,6.434245586395264,0.3784604072570801,714.0626780986786,0.007925223952260583,2156.7021148204803,1.239776611328125e-05,0.0007567405700683594,2163.521144390106
