,rank,t_init,t_init_top,t_init_traj,t_write,t_write/frame,total_write,t_wait,t_close_traj,total_time
0,0.0,6.414243936538696,5.28864598274231,1.1172993183135986,343.2601637840271,0.01523907497376369,471.5679154396057,0.9996509552001953,0.01110529899597168,478.9818103313446
1,1.0,6.41388201713562,5.288647890090942,1.1168107986450195,341.1629455089569,0.015145968724038042,472.5682234764099,4.9591064453125e-05,0.00045371055603027344,478.98215508461
2,2.0,6.413804054260254,5.2918126583099365,1.1136415004730225,343.07073044776917,0.015230665058724491,471.07657980918884,1.491797685623169,0.0004630088806152344,478.98218154907227
3,3.0,6.413766145706177,5.286328554153442,1.1191534996032715,342.6474771499634,0.015211874679243658,469.0569922924042,3.51139760017395,0.0004477500915527344,478.9821560382843
