,t_init,t_init_top,t_init_traj,t_io,t_io/frame,t_rmsd,t_rmsd/frame,t_close_traj,total_time
0,2208.0453667640686,2.4592599868774414,2205.5810112953186,1511.5668723583221,0.016776546863022445,11.992388725280762,0.00013310087375450347,0.000614166259765625,3731.6052420139313
