,Write and Read,Read Time,Write Time
0,1073.494414806366,388.05742168426514,684.9644603729248
