,t_init,t_init_top,t_init_traj,t_io,t_io/frame,t_rmsd,t_rmsd/frame,t_close_traj,total_time
0,1131.179868221283,2.2756059169769287,1128.899269580841,709.9292495250702,0.00787934794145472,11.49979567527771,0.00012763369228943074,0.00025463104248046875,1852.6091680526733
