,t_init,t_init_top,t_init_traj,t_io,t_io/frame,t_rmsd,t_rmsd/frame,t_close_traj,total_time
0,4302.037597417831,2.3158507347106934,4299.716305971146,919.527096748352,0.010205628154809679,12.565685749053955,0.00013946377079971094,0.0006196498870849609,5234.1309995651245
