,Write and Read,Read Time,Write Time
0,1947.8419275283813,1186.470427274704,760.9434323310852
