,t_init,t_init_top,t_init_traj,t_io,t_io/frame,t_rmsd,t_rmsd/frame,t_close_traj,total_time
0,1267.301976442337,3.696272611618042,1263.600159406662,717.7940769195557,0.007966637923635469,11.2715322971344,0.00012510024747097002,0.0002307891845703125,1996.3678164482117
