,t_init,t_init_top,t_init_traj,t_io,t_io/frame,t_rmsd,t_rmsd/frame,t_close_traj,total_time
0,2.5503990650177,2.2596089839935303,0.28474855422973633,512.3421020507812,0.005686371831862167,13.853431224822998,0.00015375617341645948,0.0008997917175292969,528.7468321323395
