,Write and Read,Read Time,Write Time
0,2042.9415369033813,1356.0568311214447,686.4375896453857
