,rank,t_init,t_init_top,t_init_traj,t_io,t_io/frame,t_rmsd,t_rmsd/frame,t_wait,t_comm,t_close_traj,total_time
0,0.0,3.8772010803222656,2.89746356010437,0.9734063148498535,310.3731338977814,0.003444762862350515,14.217965841293335,0.00015780206261146876,2.193450927734375e-05,0.0003879070281982422,0.01130819320678711,328.46871066093445
