,rank,t_init,t_init_top,t_init_traj,t_io,t_io/frame,t_rmsd,t_rmsd/frame,t_wait,t_comm,t_close_traj,total_time
0,0.0,2.8964955806732178,2.5957326889038086,0.2950148582458496,257.4840021133423,0.011431032280281566,5.671922445297241,0.00025180565794882316,11.37987470626831,0.0005767345428466797,0.002667665481567383,277.4328715801239
1,1.0,2.897010564804077,2.63822078704834,0.25214505195617676,253.6518952846527,0.011260905451038966,5.7702226638793945,0.00025616970760840817,15.112118244171143,0.0004811286926269531,0.0028197765350341797,277.43172788619995
2,2.0,2.894996404647827,2.7140908241271973,0.1762404441833496,268.88159918785095,0.011937029930648211,5.662038087844849,0.00025136684074782904,7.510185241699219e-05,0.0005512237548828125,0.019889116287231445,277.4392600059509
3,3.0,2.8959693908691406,2.630422353744507,0.26032495498657227,254.2549614906311,0.011287678645533013,5.761736154556274,0.0002557929480380144,14.501454591751099,0.0006546974182128906,0.0026481151580810547,277.41477632522583
