,rank,t_init,t_init_top,t_init_traj,t_io,t_io/frame,t_rmsd,t_rmsd/frame,t_wait,t_comm,t_close_traj,total_time
0,0.0,4.098422050476074,3.7767059803009033,0.31329965591430664,79.79410362243652,0.007084622535952812,2.5626814365386963,0.0002275309807812036,4.550590515136719,0.0004124641418457031,0.001329660415649414,91.00621008872986
1,1.0,4.096636056900024,3.8709592819213867,0.21923375129699707,69.92420148849487,0.006208310529032662,2.400078773498535,0.00021309409335865535,14.593512296676636,0.00018167495727539062,0.0015282630920410156,91.01461029052734
2,2.0,4.0989015102386475,3.8168792724609375,0.2736945152282715,67.47132325172424,0.005990528567142346,2.339826822280884,0.0002077445460606307,17.104470014572144,0.00025153160095214844,0.0014913082122802734,91.01477313041687
3,3.0,4.098222970962524,3.8614914417266846,0.2309865951538086,75.53170371055603,0.006706179855327713,2.529664993286133,0.00022459957322970193,8.847949266433716,0.00025582313537597656,0.0016324520111083984,91.00779676437378
4,4.0,4.099607944488525,3.790578603744507,0.30063796043395996,72.41063523292542,0.006429642624127634,2.4463322162628174,0.00021722005116878152,12.054956436157227,0.0003173351287841797,0.0014255046844482422,91.01184916496277
5,5.0,4.096740245819092,3.871561050415039,0.21916818618774414,77.46708393096924,0.00687862581521659,2.5118770599365234,0.0002230400514949852,6.931524038314819,0.000370025634765625,0.0013828277587890625,91.00759530067444
6,6.0,4.098674535751343,3.778665781021118,0.31203126907348633,84.28911781311035,0.007484382686299978,2.6182234287261963,0.00023248298958676933,6.079673767089844e-05,0.0003871917724609375,0.0013613700866699219,91.00646376609802
7,7.0,4.0965704917907715,3.872706651687622,0.21742463111877441,83.86545610427856,0.007446763994341908,2.441561460494995,0.00021679643584576408,0.6103305816650391,0.00043272972106933594,0.0013241767883300781,91.01435136795044
