,rank,t_init,t_init_top,t_init_traj,t_io,t_io/frame,t_rmsd,t_rmsd/frame,t_wait,t_comm,t_close_traj,total_time
0,0.0,5.845287799835205,5.078514575958252,0.7612981796264648,1179.9966156482697,0.013096521816296001,11.831254720687866,0.0001313124830265024,2.09808349609375e-05,0.00023484230041503906,0.23485851287841797,1197.673413991928
