,rank,t_init,Initialize_Topology,Initialize_Trajectory,t_open_traj,t_n_atoms,t_set_units,IO,total_io/bsize,total_copy_data,total_copy_box,total_get_dataset,total_set_ts_position,total_convert_units,RMSD,total_rmsd/bsize,Wait,Comm_Gather,t_close_traj,Total_Benchmark_Time
0,0.0,4.88113808631897,2.5132803916931152,2.3614985942840576,0.8282275199890137,0.7562744617462158,0.0018610954284667969,5651.774582624435,0.0627277978093722,148.3859372138977,139.3091733455658,5210.835532665253,30.510624170303345,30.976677894592285,26.579484939575195,0.0002949998328476714,1.5974044799804688e-05,0.0002429485321044922,0.0010776519775390625,5683.2354645729065
