,Write and Read,Read Time,Write Time
0,697.6291697025299,394.13520646095276,303.0017137527466
