,Write and Read,Read Time,Write Time
0,592.3438575267792,329.69110918045044,262.2003798484802
