,t_init,t_init_top,t_init_traj,t_io,t_io/frame,t_rmsd,t_rmsd/frame,t_close_traj,total_time
0,5.106388092041016,4.002315044403076,1.0972094535827637,539.0916962623596,0.005983259669948497,15.875854969024658,0.0001762026078693081,0.0006091594696044922,560.0745484828949
