,Write and Read,Read Time,Write Time
0,1157.2210195064545,693.2970974445343,463.4821689128876
