,t_init,t_init_top,t_init_traj,t_io,t_io/frame,t_rmsd,t_rmsd/frame,t_close_traj,total_time
0,4.3776795864105225,4.162047863006592,0.20919084548950195,393.8834934234619,0.004371625898151631,15.05296015739441,0.00016706948010426648,0.0008072853088378906,413.3149404525757
