,t_init,t_init_top,t_init_traj,t_io,t_io/frame,t_rmsd,t_rmsd/frame,t_close_traj,total_time
0,2.24033784866333,2.1233747005462646,0.11401748657226562,521.8869926929474,0.00579230846496057,14.44351863861084,0.0001603054232920182,0.00043129920959472656,538.5712804794312
