,Write and Read,Read Time,Write Time
0,768.3281142711639,351.10257387161255,416.7252631187439
