,t_init,t_init_top,t_init_traj,t_io,t_io/frame,t_rmsd,t_rmsd/frame,t_close_traj,total_time
0,1131.2229669094086,2.38596773147583,1128.8316390514374,712.2217402458191,0.007904791789631733,11.712689638137817,0.00012999655536223993,0.0002925395965576172,1855.157689332962
