,rank,t_init,t_init_top,t_init_traj,t_write,t_write/frame,total_write,t_wait,t_close_traj,total_time
0,0.0,8.823097467422485,5.860183000564575,2.9541983604431152,806.2181124687195,0.008948036764358706,2349.0335505008698,1.8835067749023438e-05,0.0011250972747802734,2357.85666680336
