,rank,t_init,t_init_top,t_init_traj,t_write,t_write/frame,total_write,t_wait,t_close_traj,total_time
0,0.0,4.618839979171753,4.318133115768433,0.29299426078796387,311.7913222312927,0.013842012085739966,653.8997344970703,48.44536304473877,0.0010383129119873047,706.9639375209808
1,1.0,4.617266654968262,4.384196758270264,0.2269306182861328,314.853138923645,0.013977941794612432,702.3466422557831,5.3882598876953125e-05,0.001092672348022461,706.9639627933502
2,2.0,4.943012475967407,4.313458442687988,0.6209509372711182,313.96243357658386,0.013938398826929361,697.2487018108368,4.772069931030273,0.001306295394897461,706.9637842178345
3,3.0,4.617298126220703,4.289299011230469,0.3218085765838623,310.9593725204468,0.013805077581373885,669.5774834156036,32.76916694641113,0.0010519027709960938,706.9639484882355
