,Write and Read,Read Time,Write Time
0,2172.5749583244324,1563.769126176834,608.3256585597992
