,rank,t_init,t_init_top,t_init_traj,t_to_mem,t_io,t_io/frame,t_rmsd,t_rmsd/frame,t_wait,t_comm,t_close_traj,total_time
0,0.0,2.3495588302612305,2.0283281803131104,0.3177957534790039,723.3955602645874,2.66279935836792,5.910764391493718e-05,12.441139698028564,0.0002761629233746629,1.811981201171875e-05,0.00014901161193847656,5.9604644775390625e-06,740.8492252826691
