,Write and Read,Read Time,Write Time
0,1058.8064453601837,365.5106153488159,692.7998678684235
