,rank,t_init,t_init_top,t_init_traj,t_io,t_io/frame,t_rmsd,t_rmsd/frame,t_wait,t_comm,t_close_traj,total_time
0,0.0,4.382378339767456,4.219020128250122,0.1570734977722168,326.35141372680664,0.0036221022611188304,14.238903284072876,0.0001580344426645158,2.1219253540039062e-05,0.0005893707275390625,0.014224052429199219,344.97330594062805
