,rank,t_init,t_init_top,t_init_traj,t_io,t_io/frame,t_rmsd,t_rmsd/frame,t_wait,t_comm,t_close_traj,total_time
0,0.0,3.1254210472106934,2.973466396331787,0.14527225494384766,154.9006199836731,0.006876831075856741,4.705751657485962,0.0002089123932291215,49.22683882713318,0.0006310939788818359,0.0008153915405273438,211.9592626094818
1,1.0,3.123119592666626,2.77846360206604,0.3402554988861084,203.98867511749268,0.009056101004106223,4.839581727981567,0.00021485379480495304,0.00011467933654785156,0.0004951953887939453,0.0013365745544433594,211.9519863128662
2,2.0,3.1255459785461426,2.7467331886291504,0.3725152015686035,185.7240972518921,0.00824524294126047,4.838239908218384,0.0002147942245601946,18.269783973693848,0.0005800724029541016,0.0008945465087890625,211.95824718475342
3,3.0,3.125375986099243,2.780689001083374,0.3380544185638428,201.50357580184937,0.008945774730381769,4.83414888381958,0.0002146126030552533,2.4888806343078613,0.0006847381591796875,0.0007872581481933594,211.95266604423523
