,rank,t_init,t_init_top,t_init_traj,t_io,t_io/frame,t_rmsd,t_rmsd/frame,t_wait,t_comm,t_close_traj,total_time
0,0.0,4.902465343475342,3.276002883911133,1.6188111305236816,204.1642484664917,0.009063895603395858,5.087650775909424,0.00022586684909697776,8.678436279296875e-05,0.0006935596466064453,0.0006995201110839844,214.15514492988586
1,1.0,4.901106595993042,3.284750461578369,1.6100807189941406,187.56523871421814,0.008326980631041871,4.866886854171753,0.00021606600906422875,16.828569889068604,0.0003757476806640625,0.0009126663208007812,214.1621778011322
2,2.0,4.901166915893555,3.480888605117798,1.4140098094940186,192.72781038284302,0.008556173601902022,4.876871585845947,0.0002165092823904971,11.645485639572144,0.0005581378936767578,0.0011932849884033203,214.15189266204834
3,3.0,4.9015092849731445,3.2875301837921143,1.6078293323516846,196.36759185791016,0.008717762124657498,4.8264453411102295,0.0002142706033789225,8.066777229309082,0.0006270408630371094,0.0006651878356933594,214.16295075416565
