,rank,t_init,t_init_top,t_init_traj,t_io,t_io/frame,t_rmsd,t_rmsd/frame,t_wait,t_comm,t_close_traj,total_time
0,0.0,4.098425626754761,3.821737766265869,0.2714664936065674,80.79512858390808,0.007173499829877305,2.591266632080078,0.00023006895428216977,17.02077031135559,0.0005502700805664062,0.000682830810546875,104.50614142417908
1,1.0,4.099078178405762,3.793663263320923,0.29961466789245605,97.74251556396484,0.00867819546869971,2.662537097930908,0.0002363967946311736,0.0001087188720703125,0.00022912025451660156,0.001329660415649414,104.5044686794281
2,2.0,4.099333047866821,3.7739713191986084,0.31914186477661133,88.4064679145813,0.007849282421608922,2.618410110473633,0.00023247892306433747,9.375190496444702,0.00029730796813964844,0.0009374618530273438,104.4996988773346
3,3.0,4.09884786605835,3.7876193523406982,0.3058154582977295,85.01938962936401,0.007548556301994497,2.6291801929473877,0.00023343515874521775,12.759502649307251,0.00026607513427734375,0.0008928775787353516,104.50718641281128
4,4.0,4.097831964492798,3.8102335929870605,0.28131103515625,80.9000084400177,0.007183449515185376,2.630141496658325,0.00023354124459761368,16.877085208892822,0.0003991127014160156,0.0008335113525390625,104.50546622276306
5,5.0,4.097697496414185,3.7379274368286133,0.35509586334228516,82.10440611839294,0.007290393013531606,2.5794835090637207,0.00022904311037681767,15.72626805305481,0.00037789344787597656,0.0007882118225097656,104.50823307037354
6,6.0,4.097137212753296,3.7723429203033447,0.3193373680114746,78.6041374206543,0.006979589541880154,2.56843638420105,0.00022806219003738677,19.23557162284851,0.0004956722259521484,0.0007390975952148438,104.5057783126831
7,7.0,4.098499536514282,3.770664691925049,0.32184672355651855,89.0660343170166,0.007908545046796004,2.7009921073913574,0.00023983236613313422,8.63492465019226,0.0004584789276123047,0.0006892681121826172,104.50090909004211
