,rank,t_init,t_init_top,t_init_traj,t_io,t_io/frame,t_rmsd,t_rmsd/frame,t_wait,t_comm,t_close_traj,total_time
0,0.0,5.45647668838501,4.778419017791748,0.6728560924530029,6601.6953155994415,0.07327075821974963,17.280853748321533,0.00019179637900467852,2.0503997802734375e-05,0.0002923011779785156,0.0014624595642089844,6624.432958841324
