,Write and Read,Read Time,Write Time
0,2018.0576615333557,1328.3426644802094,689.2384340763092
