,rank,t_init,t_init_top,t_init_traj,t_write,t_write/frame,total_write,t_wait,t_close_traj,total_time
0,0.0,4.5283427238464355,3.091791868209839,1.4281024932861328,747.4996509552002,0.008296333528914542,2070.874871969223,1.2874603271484375e-05,0.06766653060913086,2075.4032275676727
