,rank,t_init,t_init_top,t_init_traj,t_write,t_write/frame,total_write,t_wait,t_close_traj,total_time
0,0.0,8.493215560913086,2.960796356201172,5.526184797286987,276.6277525424957,0.01228092131154254,703.1824731826782,4.697051048278809,0.0006546974182128906,716.3727397918701
1,1.0,8.496242046356201,2.934370994567871,5.5522871017456055,275.51237416267395,0.0122314039583873,707.876266002655,6.771087646484375e-05,0.014568090438842773,716.3725757598877
2,2.0,8.493312120437622,3.061746597290039,5.425284385681152,270.5807182788849,0.012012462520705211,669.8601977825165,38.01941132545471,0.0006101131439208984,716.3729212284088
3,3.0,8.496429443359375,2.946046829223633,5.54150128364563,273.62509393692017,0.012147617932826645,700.4230153560638,7.453216314315796,0.0006361007690429688,716.372661113739
