,Write and Read,Read Time,Write Time
0,1148.8865823745728,657.1475489139557,491.2958571910858
