,rank,t_init,t_init_top,t_init_traj,t_io,t_io/frame,t_rmsd,t_rmsd/frame,t_wait,t_comm,t_close_traj,total_time
0,0.0,3.241588830947876,2.4886789321899414,0.7474329471588135,1674.2246367931366,0.01858184946496267,13.461998224258423,0.00014941174499731878,2.5033950805664062e-05,0.0002932548522949219,0.0651555061340332,1690.928542137146
