,t_init,t_init_top,t_init_traj,t_io,t_io/frame,t_rmsd,t_rmsd/frame,t_close_traj,total_time
0,2.4202516078948975,2.2565126419067383,0.15859436988830566,456.02345967292786,0.0050613036589670125,13.523837566375732,0.00015009808619728893,0.0007722377777099609,471.9683210849762
